Country,Comp1,Comp2,Comp3,Comp4,Comp5,Comp6,Comp7,Comp8,Comp9,Comp10,Comp11,Comp12,Comp13,Comp14,Comp15,Comp16,Comp17,Comp18,Comp19,Comp20,Comp21,Comp22,Comp23
Aruba,0.11771072628132229,-0.628693104117852,1.190044320091232,-0.7493300847843245,-0.6735795819276394,-0.08383432508255079,-0.7804055815853704,-0.6549346746685178,0.40461299404508094,-0.7966093580322386,0.9243671754055285,-0.8054658464847531,-1.1377763634647018,0.618213655226717,-0.06362645727181888,-0.10127441959558571,-0.020760362558724866,0.1661811303155957,-0.0135510790168803,0.22372558057061043,0.14446189023207714,0.15909986728325473,-0.15123763493348172
Angola,-2.665792130084392,0.6709312082955246,0.007356772861332504,0.6950335432892122,0.10653766467683619,0.10587605113250823,0.5567123839574468,-0.013105608715174535,0.14144501932765716,0.13520550484739488,0.2763868609546288,0.7476906325571522,-0.08910806222401323,-0.14616084394796655,-0.04206002410369069,-0.02888000829747016,0.04080889707685289,-0.021093541604671827,-0.2654866821872948,-0.0004516568751753033,-0.24032137711582713,0.16144533819427262,0.008066697404438394
Albania,1.30884672628238,1.3123617506103833,-1.6127254946407772,-0.611075665757586,-1.6013850101715859,0.5756598257391249,-0.614967958007121,-0.6449713517484197,0.35983824452021745,0.8706139447776009,-0.6395990637044336,-1.4193659278026207,0.15573745392481717,0.23730310831218596,-0.5512244823847742,-0.34757269474673325,-0.021850355336826183,-0.09462220858307135,0.10251204173781771,0.013228594292824403,-0.12603499421692574,0.01784608790308151,0.050674380468835614
Andorra,2.2336353538502736,-0.7765192635297569,1.5415523884720925,-0.1529193592216407,-0.0970885875022946,1.4439567210863113,-0.3267278732878444,0.1977203377171832,1.224763004735939,0.22177709945222412,0.46333497114184785,-0.3525836521085585,-0.36508509040685283,0.5440954600304332,-0.21600403782937622,0.5154948646738836,-0.31773317246630284,-0.18986947623507908,0.07121226718944229,-0.1889185681356111,0.1914111728442216,0.5003586256954661,0.06733757752393188
United Arab Emirates,1.516742017000717,-0.7556260870125097,-0.028439171048946874,0.9779980922784337,0.9642401538120625,2.467858152749093,0.3729004675657621,0.018272902702235982,-0.04697326181849873,0.37552239667113413,0.6968535528830111,0.01836060766434198,-1.2933196528538369,0.2699192096565556,-0.3849152260731015,-0.5155373188490704,0.6401667009181152,-0.2097056008196924,0.20986724730566883,0.17801177301710128,-0.02775252693916939,-0.11743490981917991,-0.04623845053410515
Argentina,-0.36726608062077093,-0.37197918864108304,0.880077743682474,-1.525853449074222,-0.17731825521885047,0.2632233787587577,-0.735323385629936,0.5344440400755821,0.08060025617181384,-0.758333543866681,-1.207773505983277,-0.4288911286768654,0.3722084751948659,-0.28869454940938755,-0.1978042319521904,-0.26297494306942304,-0.04038591049643405,-0.07904750894758171,-0.32573724213947797,-0.05278244561865051,0.08343306038387832,-0.02678323962482242,-0.020170861498541727
Armenia,9.570162785668627,8.171358685705343,-6.97277231071938,-1.6893026086185217,2.1227009266521417,1.8369553585972374,1.8461994626717908,0.7669588958695102,0.27965100909604607,0.0024106849765431664,1.3844677031523844,0.5274747842997964,-0.863696452145872,-2.0381924100337145,0.7049177497123048,-0.47213635818032357,0.24165012467353444,1.3220659599530304,-0.23521077224352405,-0.5570430611028235,0.37488078413527687,-0.06526560428938821,0.000880996437957246
American Samoa,0.8743173234687978,1.7157719979292543,0.44835600380778934,0.5768148015027356,0.029062535064160983,-0.5189115133521814,0.06283128834393599,-0.10849428652852357,-0.015626537868266288,0.2884332698130321,0.05523951689532427,-0.16584092510815868,0.3644098037072862,-0.3758826413511917,-1.068562494796261,0.8439350263649599,-0.3846905827116672,-0.7156834084743665,0.08784063136323289,-0.17238470488625818,0.8970553685271381,-0.03702732910089666,-0.005513354009825102
Antigua and Barbuda,-0.3085644076869609,-0.07087502051168043,0.2964352136155571,0.2242016339700589,-0.1599611502282305,1.2217767658950702,-0.19733007904922914,-0.793437005526709,-0.18080554510315178,0.3096007815001002,0.12290736214856109,-0.07261364632389083,-0.8302018035262099,0.35079516578995845,-0.49354624762583166,0.02999060185663903,-0.030240908069868053,-0.15191532475857497,0.021274832093259304,-0.008966634005985224,-0.06634105770067125,0.10820768192437284,0.058911331163185754
Australia,2.287773643419161,-1.3756386772741054,0.4597491142592231,-0.7803932865603381,-0.7491126875343019,0.9179040953522292,-0.3978996746498833,0.9250892511534305,0.20131938473477237,-0.5162604354034233,-0.08034701857823752,-0.7651255218581122,0.8762311903591247,-0.3382700126569074,0.15406569999973135,-0.267604998587865,0.156009618922968,-0.24712641058701668,0.04608017708251767,0.05222870731200993,-0.06437145756353607,0.04435476708723958,-0.03018387461129059
Austria,2.2169416296065907,-2.962019983042408,0.907934908513161,-0.21283946456125558,-1.5506472213722577,-0.16303327560380657,0.07606862362447488,0.5940015204412815,-0.8553997723653719,0.030117333855133106,-0.1894539073458071,1.105033542750449,-0.06194328940179943,-0.8664190575429995,-0.22296162438888367,-0.31229106450763716,0.21785240549605286,0.18796319965585245,-0.11135790416982633,0.1780625044475656,0.034469293069039085,0.0396363554123763,-0.033782946017237137
Azerbaijan,-0.29556339668413684,-0.6349089793650048,-0.26409472383374005,0.8235188987052101,-1.755982405873347,1.2216739445645026,-0.19737881864011347,-0.1263091567781245,0.45210539550128037,-0.11370927470387383,-0.2567916184202229,0.10675249346752433,-1.0739210525066705,0.6592131825525316,0.07211249556545009,0.2011723966401537,-0.4268078691402934,0.1928511544066698,0.021374875080813243,-0.004300017914582991,0.19359563145858408,-0.15847406317090845,0.06116225100130469
Burundi,-2.1710976808243014,0.4555526081882108,-1.128880094109802,1.675033168177273,-1.319949870936334,-1.168028923336054,0.29520035214779905,-0.7105316081479923,-0.9437275109205261,0.23155375357006266,0.7519438428523196,0.1723857279917531,0.003439402961690838,0.04594642163619519,0.37838835903443346,0.15168343477055135,0.08263620122950087,0.09528214278894429,0.3539133064289422,-0.012355128878748787,-0.07482665068043926,-0.010395028983703187,0.02533794783056544
Belgium,2.7286414124490546,-2.88654493062839,0.6182174927708671,-0.35087467273133943,-1.8571896949598856,-0.5462952616635727,-0.06190076408735599,0.32388260477193437,-0.8358337701563209,0.3483030205889423,0.018401284763328175,0.6711666908786391,-0.055246493495875175,-0.27017766171793256,0.12703180941996894,0.3761807044405803,0.6686344907436097,0.19397917318727578,0.14000043437740706,0.03404354201777236,0.07775821493023291,-0.03456172711197794,0.0217421712295914
Benin,-2.926766092095706,0.8651394000298626,-0.10823236682795721,1.0632824571608537,-0.3015094884715227,0.007652197685897713,0.6370757495750704,0.3699275068348829,-0.5201571272851736,-0.7749201293105038,0.23564214039969816,0.5988246604323435,0.1698290233566096,-0.4839248964676015,-0.12358910499459766,0.19718260364040333,-0.1398785933289113,0.08620394060431963,0.016286566432040288,-0.0023691087993737226,-0.10509290170928086,0.05223876332714102,0.004793177932264277
Burkina Faso,-2.675801491016731,0.6442135130665853,-0.5650479674580571,1.4406464803482097,-1.837664971295342,-0.7640505217566922,0.25386496430795485,-0.2996203130331833,0.6008386607289078,-0.8008810506869338,0.5129166782569767,0.38641877580907996,-0.05418535216499752,-0.3390309078573685,0.023830515615924492,-0.06060144134722531,-0.17184747702634803,0.03901427062029497,0.12558539649303313,0.00956597951610318,0.022820108510684098,-0.031148797751883464,0.026852111483852446
Bangladesh,-0.9494944380899801,1.4630520928862567,-1.6160108300896932,1.8431883692221103,-1.3519463091396067,0.5111774542989188,0.3202908857586292,-1.1335267912246765,-0.004756811783186762,-0.05739656858582736,0.45630206679125157,0.2806688211808092,0.09631284976066373,-0.6428092718603831,-0.8096412851790067,0.3039802945632893,-0.33644792223276626,0.4411015385665449,0.10255848704914418,0.35338466081300207,-0.07385634571008412,0.09571287437534516,-0.17238979775825072
Bulgaria,2.835906826747995,0.8884708578075534,-1.5461834289466365,-0.5012930904282681,1.284755468345277,-0.18061275657566928,-1.2026030335770006,-1.0129233890523008,0.34218181564374595,-0.29991438417255467,-0.6930940951458108,-0.008760886651849908,0.2032041579400789,-0.5349001874289792,-0.14090750491185355,0.09733722975824462,0.22980801427697675,-0.11338328003671884,-0.3533836837297061,-0.09375678782125457,-0.11794182792951316,-0.05074620071894583,-0.012520357612018279
Bahrain,0.5483637287131031,-1.1385573881356263,0.5718948373693239,0.054523542861095876,-0.11705115729485012,1.9054268017713016,-0.3121071575196106,-0.15858069183726328,-0.18556511383581556,-0.5129162519779485,-0.2573832352164051,-0.21739255186337825,-1.2315759022837949,0.5245928895246403,0.013743683481892512,-0.16089356374090694,-0.10088049563532443,0.056681604627386084,0.016541173656355344,-0.032503463177801326,-0.10640623790567928,0.002526006162677104,0.0309328560074137
"Bahamas, The",-0.20715281806451605,-0.6440754918762972,0.7067676618122232,-1.0474072119768467,-0.6784030531136988,1.2240966010903038,-0.5211158700747267,-1.0971020981025745,0.25273397259564806,0.7537984002827963,-0.35526133273802685,-0.18237102150127982,-0.4693531014534614,0.5630436600985065,0.18730036487115698,-0.05601127923329341,0.021006676946454934,0.08293705889491935,0.10700686629429146,0.0172365965741956,-0.015855621405265575,0.010626903147684968,0.06873724017374924
Bosnia and Herzegovina,2.216746373840171,2.0487803796490445,-1.2004173194192302,-2.935779606635239,-1.162525079073202,-0.23545031150869572,-0.2913741492263105,-1.5052901794997051,0.9538964486227751,1.4995107738482334,0.18522230440163473,-0.4993064048951533,-0.211928200740859,0.07397526593545914,-0.8494592627690064,0.1694867878696333,-0.025983443523310862,-0.21257481855598423,-0.05958158847883742,-0.01142228476690887,-0.2032465203030627,0.01854669110140224,-0.07670419242398761
Belarus,5.24701895701949,1.6446443091610854,-4.5390622942364,-1.461996773374825,-0.6256874365583206,-0.2782216351736908,-0.43462360270821254,0.09439154457142479,-0.0422440762269299,-3.274953743900143,-1.4365994742717603,1.6699023983623873,0.3473876749488818,0.19313649361991814,1.2733591199638352,-0.7722938665826161,-0.3350244233932862,-0.9128262253545685,0.11070366912129509,0.1177149245922439,-0.09297694816760282,-0.0611184201955863,0.24277909767541478
Belize,-2.4280514678463634,1.2572724564530366,1.503105499302091,-1.8508334883982258,0.7250807884723658,-0.5227120488381062,-0.17588852405153985,-0.4680084160082986,-0.033301611939890126,-0.7821756545216993,0.24660024467024058,-0.007932786783110898,-0.16923366409827803,-0.2611689187036937,-0.3921328711424366,-0.08692349041506837,-0.08747486201271516,0.0091212907451991,-0.14667456421173825,0.1356585423220243,0.0097841723145475,-0.11085833830309383,0.042084322317334846
Bermuda,1.351094179680103,-1.8289659386086683,1.2293263211647583,0.06339502395643722,-0.06097748333487737,1.5442965699071105,-0.6732575970922762,0.399790241961183,2.2349178853915848,0.378900946829896,-0.1431349129692316,0.41927826641342314,-1.1976952366864246,1.0195220678067118,0.39232654679172624,1.6302912133485,-0.5274175302928239,0.3276063255713426,-0.03763592136972861,-0.38585803497213494,-0.3088816241415297,-0.27313525246568165,-0.04544870522880024
Bolivia,-1.7035683542567128,0.6428232888648099,0.6186247958232154,-0.5827829082074109,1.1339762059023328,-0.21377629904102777,0.45035447348075075,2.3029512989251937,-0.7023147474047636,-0.6338811959628037,0.1916427918609724,-0.5507755130448218,-0.0496542511162332,-0.07730599867434014,-0.3409693985491553,-0.020118231784731714,0.05040345197072036,-0.02191763664768478,-0.3866003207281835,-0.026184335063046127,0.01563195205572353,-0.012391608360074668,-0.09202328808847472
Brazil,-1.5271477038379464,-0.17110625123312134,1.4691020243005795,-1.28347577569098,1.0043216934284138,-0.32877944993222935,-0.6388768795804448,0.4991415698007216,0.5038067038682477,-1.034829350808711,-0.3371684618124231,-0.1477575284462695,-0.19820982209048513,-0.2159798327001781,-0.18427278471016795,-0.09055536348011169,0.2113401091279302,-0.0014838866114880573,-0.02709228113226258,-0.07187928320252583,0.07090714061134078,-0.015124739075481692,0.011026130739524626
Barbados,0.875418460148546,-1.0252677052961423,0.7640325033598551,-1.3798332532949018,-0.46170396791745627,-0.7616768477530943,-1.0303495739016075,0.4620258015134264,0.8602937914784917,0.013101450372404512,-0.09951351572377166,-0.8838687720781266,0.031145419207433248,-0.044397842381363836,-0.26401286575887134,0.42750843196189864,-0.15536686511688624,0.2887978344594052,0.00929061572582975,-0.15767000040514756,-0.17727215167663993,0.02943302686374475,-0.09600434785584147
Brunei Darussalam,-1.0090070823796222,-0.475964536318939,0.7485579840969261,0.09557766745183655,-0.8645015507809453,0.6991464921533485,-0.4584755086126265,-0.1340483315379606,0.5721468648163098,-0.8694784857063552,-0.06840869509328591,-0.2856980061758711,-0.8041077461269428,-0.00923802416760698,-0.37588488593927705,-0.6466377718624351,-0.17524567927554185,-0.04683157756635095,-0.15212629039795844,-0.034040828880739685,0.04548366830021517,0.022261179651947915,-0.009612613600960858
Bhutan,-1.1063839556701365,1.3551525565485523,-0.7269137188229116,0.8130203290701731,-0.12731358194520606,0.3943249107729336,0.5731072859702263,1.0230523970203254,-1.2206432070404836,-0.19616432165712713,0.9701287651377866,-1.0622372441882268,-0.3076646245203597,0.5430094271578585,-0.4615702786787358,0.5972977525656381,-0.09910358847798552,0.09967343773592595,0.11981976451254205,0.6060006361320326,0.025383426472206563,0.23943094900081566,0.09189490861920108
Botswana,-3.2306706357294304,1.2084621549627153,1.661054423780433,-3.1041345633608493,1.2708611774536103,-2.081415965106501,-0.04493144959266953,-0.13905201095508066,-0.6995274914771796,-0.3080499287377544,0.6693616138044659,-0.17744360490569663,0.4175174200419281,-0.10310235864685545,0.28820321698214046,-0.09555736923433332,-0.2298839655776713,0.16882193214715058,0.36754509718301714,-0.07263104500814423,0.0816578409625747,-0.06702863295252692,0.023790772662686675
Central African Republic,-3.6705447775101367,1.229501093638822,0.8498742069136814,0.2659543355846684,1.7907817740347165,0.4531688056325229,0.016025367323503164,-1.99482839529983,0.6578130803948402,-0.7024686148374171,-0.17585044495092425,1.2987885187487171,-0.08115470086736619,-0.6719134391364691,-0.3911698627422025,0.10039993265063105,0.17394363446072844,0.0331385089542322,0.1141407024792095,-0.05987979443201381,-0.10081007777947686,0.06414331698783274,0.016836675044515644
Canada,2.878870533350015,-0.9709680750978331,0.014590937443410971,-0.08012840112755536,-0.038186838754384514,1.0160157888132713,0.40930920266681703,1.1975651416292148,-0.3506099310034278,0.28510557722754987,0.9626153981712363,-0.34605561879259533,-0.234872444539653,0.8549597796369608,0.18934821985989755,0.8370640743989832,0.3470045467771019,-0.12392530246700183,0.010527665806652745,-0.021182197287858365,-0.003938473840466783,-0.008486362210309425,0.0850327349624591
Switzerland,4.044938345623033,-4.122979771263694,1.5201455511503374,0.45383420017954434,-0.7424719377438951,-0.43767948209506496,1.5240048383804616,0.08980592879696687,-0.048592770885895066,-0.010230835145574057,0.8914435176581915,2.020775353677935,0.04238999156953407,-0.6652395360022377,0.10464153455236488,0.11178703564099787,0.8746633685178352,0.1489068544750706,0.2745330112051292,0.049132109706836125,0.1871559282076348,0.010293475514787048,-0.04480782079546293
Channel Islands,-0.6712582544834252,-0.584787684828978,0.2602784267094886,0.12764968858815062,-0.13495950873346826,0.03135948526363607,-0.07998655389483712,-0.0006499850976614416,-0.06699428046725907,0.2547286233567077,-0.061224952948019336,-0.16407164766336926,-0.01632546840228595,0.030993239776841756,0.06591877241670613,0.04625684409986732,-0.0030828411575713737,0.11941165309452398,-0.02028163446938763,-0.12983461637524754,0.01891383003164304,-0.01510728327120998,-0.07913366056898598
Chile,-0.560796495252729,-0.9199162031401455,1.2334658707392117,-1.0862410339336106,0.8430374875683747,0.7930909513076378,-0.3967220156191408,0.9717434186353802,-0.6985306551703633,-0.13871011706081873,-1.4047839755963893,-0.09089904156208653,0.25364450427881297,-0.5751121224712363,-0.29870034983081567,-0.24968880457142922,0.21634128263257263,0.15946699017438026,0.4438480310084027,-0.1701178782450252,-0.19269436463152007,0.08999654353506258,-0.024549277893938747
China,-0.8804765310961847,-1.0555523522411718,0.39903598160437126,1.1404363325013969,1.0744151508986968,0.4568094117645777,-0.40876408981839457,0.42045835630037204,1.2546912343353651,0.3643434658819217,-0.5933882839448512,0.7264751019434189,-0.3258349155209324,-0.19534875377687147,-0.16269744907485015,0.0676975619705912,0.3544128438072555,0.032075356372166804,-0.18005439090256664,0.038042869537996016,0.00289560019566785,0.03358663731484617,0.0008213451179027171
Cameroon,-2.887210443525228,1.0104706189672459,-0.14515107459039758,1.0861729951129435,1.3924677452520982,0.4792423168963575,-0.06231206585277511,-0.2227725418527272,-0.0011964674659489187,-0.30598705185811964,0.01845832361086633,-0.03918452952408849,0.11253550851056875,0.1772852770387874,0.08208625714552825,0.1862305785334785,0.336438186244408,-0.13239735426214283,-0.13880878091424004,0.006170916943921814,0.20550887985193436,-0.10144396403432569,-0.0006824622964006967
"Congo, Dem. Rep.",-2.93648733403242,1.1054135709905435,-0.7081453855266052,1.4494493908553603,0.9162731446518263,0.37248510019221576,-0.016131530495162385,-0.5210822171105182,0.5903641337702458,0.42393698590846085,0.06391916230273564,-0.04544101744777185,0.33896260843622744,0.3993674363979059,0.4008850887383492,0.2010077660922328,0.45832376672643277,-0.22949658742431905,-0.1386855296789139,-0.09747536080107527,-0.13734787044764146,0.09579375544481947,0.004766225333662324
"Congo, Rep.",-3.1920024625720806,1.2248784616756365,0.006829505280807597,0.3000658444504256,1.5247930356495194,-0.7675629073475119,0.14062917715649711,0.015506303741153592,-0.6890101098606519,-0.5456489770101413,0.46959150986294207,-0.524412382021989,0.3724960901875914,0.34484054329739505,0.4612377808376409,0.3904885587995848,0.39580212324870917,-0.06858604430389323,-0.05786272674926782,-0.06057811752341084,0.0035080940244757277,-0.00922549104514947,0.0036267345178824404
Colombia,-1.562914208087252,0.27044646186737253,1.0438979131063515,-1.3673636595130163,1.5253824926430781,0.7351089426522497,0.016970657651132565,1.0353846676874328,-0.24626465975805464,0.17584969111065407,-0.6608099838425181,-0.06492224848221069,-0.008688525380446824,0.2162990860196023,-0.10539427199452832,-0.0005450672353536899,-0.045528661604478805,0.03256576791762865,0.09205758384562523,-0.1541935914365398,-0.055889389183635,0.049797037869360586,0.014534327673684773
Comoros,-3.191134607058108,0.9555070677205915,0.6515626413804835,0.04016244217673927,1.7547948088387721,-0.47735304752096264,0.5183206970586054,-0.36945529291372114,-0.8801108089963718,-0.42529931654081304,0.41760327741289227,0.6528466774478762,-0.004745538133130843,-0.32286332809699647,-0.05924004917847253,0.2753211525071586,0.10725482047567805,0.1704397583888834,0.4358025494236476,-0.07688141946528976,-0.14247764214916636,0.06179229854733062,0.028609087055957508
Cabo Verde,-1.9578312709565242,0.21078699732115486,0.5610178862043715,-0.3347146253005486,0.7243461238598999,-0.09817354049152548,-0.05616280718152158,-0.2935047442074731,-0.8225149273712165,0.07885477476456762,0.1053425328250846,0.09146140408590374,-0.5271997494327533,0.12966617515287585,-0.05143189042047672,-0.11940823482235914,0.1144652179797954,0.12471212752807229,0.09350328909154544,-0.05681107925123232,-0.023768306314220375,-0.01952274504450012,-0.002741323143757166
Costa Rica,-0.5219723807785287,-0.2711136181482769,0.956925949998935,-1.1688072584677265,0.9119413465599487,-1.4671380984728912,0.07157940183515521,2.509378472994618,2.1659378747897193,-0.2700228515089187,0.08436122757738002,0.2046081931431009,0.1055730214939415,-0.49330412729563594,-0.3558995416557969,-0.2998726244946119,-0.10958953922018556,-0.22886611838128076,-0.10652049751763035,0.07544369210100482,0.20590057516811422,-0.06919863280880732,0.022960887144694547
Curacao,-0.4613917153292654,-1.1590942657938001,0.7903958387806773,0.1057666163918045,-0.18981046207834296,0.4892872395089993,0.18444443078857617,-0.3003923182310278,0.11039726115492493,-0.00594286536889862,1.370866682563274,-0.02874307802203185,0.5836671817779112,0.38794461496189847,0.9278679567826503,0.1494527019986889,-0.016858067983883226,0.09337224185697879,-0.007024677271278244,0.16827947841971155,0.05780367498636451,0.1370014778318558,0.052012368413979104
Cayman Islands,1.5855455759816799,-0.5586211360353527,-1.1675534021608338,-1.5119237031169976,0.35850427466087736,0.982896439399701,-0.2937815463455741,0.20680040301353023,0.597946470230327,-0.8348266978485898,0.08487232743361423,0.13330838153605018,-2.078797057797623,-1.754485562337628,3.0432022490083313,0.7932285031740196,-0.4316028647234024,-0.5441783989875625,0.10006776411420908,0.06509595020289974,-0.017197147744499545,0.11529733332616922,-0.0998793094314325
Cyprus,1.9737793893159599,-0.6600403409332284,-0.42234869159444804,-1.6268473707862265,-1.4002822999684659,-0.3475073799205328,1.1797015079642061,0.7607821712615175,-1.3845320081507018,1.0784009531306542,0.37437415133564017,1.0965570198805459,-0.45859492932938967,-0.09698207226985935,0.20769792075287624,-0.0895285537278412,-0.4173641779144557,0.17906424530656123,0.21723117882204057,0.022855992583619242,-0.04204534506036942,-0.0928068056112455,-0.07467324290252175
Czech Republic,2.325309039131931,-1.6688786635292832,-0.7460634981195535,0.6702836591574982,-1.5394543639982003,-0.3153243474241073,-1.1635970740788402,-0.39869128778103546,0.4926255714863119,-0.40639633931842817,-0.6563299544169858,-0.08826630599772864,-0.4394602514675152,-0.030203145687568194,0.3783872736263752,-0.15320169575046003,0.017824731719697805,0.08723729765547349,0.10451971217846556,-0.10431676365767115,0.013787184977440395,-0.017814264704782375,-0.032867789697113674
Germany,2.1789054098452234,-3.090366545079,1.094958431435426,-0.07655107054341666,-1.9885811013056884,-0.12626336276864042,-0.2867710895930886,0.07070131917240423,0.026004794114013297,-0.259354519407711,0.0008852825961718472,1.2232602170831375,-0.44721534578488886,-0.7709585138321097,-0.028708407296626607,0.15740603106945908,0.4035928217462393,0.2580110138192834,0.12857152016666107,0.11554129547235466,0.08108911158951349,0.01836851764116654,0.012002294964879014
Dominica,-0.20580711626176731,0.04400016228628098,0.6043955472386702,-0.7179598239394533,-0.842988345305053,-0.1751657150609273,-0.8098916274031154,-0.43453602388235096,0.8276241581739952,-0.6563710279568032,-0.00697699203098824,-0.5631278762093691,-0.44381950067340625,-0.19645167976258476,-0.7398768115702399,0.1381918382934807,-0.21336986129249016,0.020910188663240233,-0.08115541402135351,0.03829056725876621,-0.0359670800292167,-0.10513437446233956,-0.008507412437110754
Denmark,4.554650770147118,-3.4558690816034843,0.31234463637745064,-0.31114278998271083,-0.31292485903076156,-1.7004360360193072,-0.8454452554418813,0.22001564670557183,-1.2814111177478307,-0.31340554973618157,0.6662200722805657,0.3400577147115918,-0.16296853420795265,-0.4326451638812088,0.5075441415008288,-0.05081631808839643,-0.452924781905461,0.07838218678616188,-0.06045280448307068,0.06959463372632964,-0.21733875423676866,0.07854059845774466,-0.011111903696824781
Dominican Republic,-1.4955492370103192,0.7110509694145393,0.24534925256119694,-0.9942135752058155,0.5709309674618112,1.2847647234554695,-0.17014228833264872,-0.39514497938319965,0.45691831985893233,0.8638159553544303,-0.9738407745200462,-0.02624158532005239,0.012434675237006011,0.15969066216985484,-0.009762260401566906,-0.38237213987722174,-0.10680723800921624,-0.14504217589353727,0.12112823519028128,-0.1405566972497527,-0.036437249742318406,-0.02414643538212578,0.00031920453799605197
Algeria,-1.8710115019801832,0.5488892524376967,-0.19770327684848021,0.010885863235465271,-0.7025715947260263,0.2969395063666021,0.4431104371693051,0.11041475320938599,-0.7955677442509074,0.46739757915826063,-0.23810090080192667,0.1674994846349811,0.16235484759477692,-0.02394441604930506,0.05030813509239856,0.008525527398430068,-0.2211276257764167,0.07020440830776516,-0.032233984534015374,0.09422312494156479,0.3017033976047141,-0.19653575393312134,0.01023380649774428
Ecuador,-1.704359585520788,0.16677285024667196,0.3493724178708515,0.09152604496513632,0.6821409345891293,0.8837499411728729,0.09522137454719168,1.0526140507754576,-0.37604114921882326,-0.13142207024988878,-0.430160804150333,-0.25193831774138353,-0.04366175398935255,0.24003274702531205,0.03810946474097002,0.05005473947121562,-0.08061515237718839,0.025386702931463626,-0.11654517202054576,-0.04268232712968506,0.023910115594522233,-0.010947859375750869,0.005481306314142522
"Egypt, Arab Rep.",-1.0697482577400703,0.7360041258141705,-0.4143030023457636,-0.37420540398822066,-0.45974496801363396,0.7665552807908144,0.7430248660082788,0.32038866273441063,-0.7839613807049829,1.236352905162042,-0.14147501583153335,0.20715709294030638,-0.291237959810289,0.36043160495073273,-0.07453468214723304,-0.12001476414072032,-0.064325961336711,-0.08783588532627935,0.0014398410586317642,-0.04113066840661012,-0.4658254522873389,0.18172564409263917,0.05024830183298719
Eritrea,-2.528862900713792,0.4720557249886594,-0.6302269150424723,1.8609219569403241,0.26398241105035314,-0.34095779437468576,0.6464757168108566,-0.44668715136713555,0.8692074511452085,0.6623159627814836,0.24694840722445174,1.0934451956861233,0.04522833674830209,-0.22479657753529358,-0.006808223017519833,0.11410825408009617,0.2306592563597819,-0.035518679177661557,-0.12133025352825585,0.038304442552895716,-0.08211373910796047,0.05959808648170218,0.008950922045655067
Spain,1.3282706975253038,-1.6784273144929194,0.7678897741526942,-2.255569298757925,-0.35871068981414206,0.017706455443176297,-0.4596317415741617,-0.6352153521628637,-0.380374355369209,2.4327499122955953,-1.198261429342446,0.4904500875160091,0.45636795967300237,0.06035673586792276,0.315284656166916,0.043373688618867264,0.3942994068569401,0.05454543605055428,-0.21522430292589248,0.003308974964922856,0.10612619002030295,-0.01706933767705199,-0.015177008005716888
Estonia,3.967058303300489,-0.46728854855081164,-1.0046607608162452,-0.24053595128847688,0.600184178109762,0.0902680717028955,-0.7669900226663269,0.2459416197302278,-0.3633813548123084,-0.29784983624535943,-0.2957351539264173,0.0191633658483673,0.22555746749958935,0.8112975798974694,-1.1832527028734894,0.25367102860766444,0.1777125950603477,0.3262009405094738,-0.21267415721234603,-0.4168913391120726,0.09537786862131693,-0.006164805348861993,0.1502948276910383
Ethiopia,-2.3283163763541492,0.49193948788366254,-0.8210267451042267,1.5729199816025505,-1.2941324101408347,-0.836157672819376,0.07045550275834248,-0.8111598586295337,-0.2324307049046618,-0.25982487846985564,0.4525609450637805,0.27119749570477625,-0.004994483225599335,-0.1902315345838416,0.16611903529555677,-0.007313368273843622,-0.23914324726630282,0.04077424832887194,-0.14958640607984736,0.09888917622311034,0.03597831719427296,-0.02677166985349846,0.009890795259435085
Finland,3.9119076112359523,-2.594106219911764,0.4599186851591832,-0.37634567755660875,-1.8200441922009918,-0.8989052812059142,-0.37752022827052195,0.23163524601732302,-1.479739969862366,0.2793071349595299,-0.03458632116747802,0.3331567010759644,0.0686239440484862,-0.3133756996916118,-0.2628308140906813,-0.14809231643070586,0.07605704222488473,0.012496014927589491,0.299403519529534,-0.16878570753020652,-0.06032103199056122,-0.007119272718009177,-0.04054318129831218
Fiji,-1.724621112873601,0.24152020875094224,0.31631781865929637,-0.12243875049671349,-0.3797183121806268,0.3313347565885047,-0.14245792609243066,-0.262515301535555,-0.23528100537637506,-0.09097174945660567,-0.48678630012689783,0.004810955424234507,-0.17149465257304777,-0.25443639629647596,-0.31766545777999927,-0.4575724164192828,-0.0459792489338253,-0.016174413061678754,0.11530708826803693,-0.08806883239889196,0.05937216329201796,-0.08626977841048375,-0.038125926783454514
France,2.445867869685355,-3.468711636601245,1.040980658705839,-0.12044238984992021,-0.7821691782479059,-0.8914494978777883,-0.17601534846056222,0.6279384326368057,0.2662053742000972,0.9544910951162197,0.12983834170024017,1.410015903376558,-0.38588759389059235,-0.3718387853174165,0.20144202759566518,0.45242476147671906,0.1914257556412115,0.40478237322689886,0.17741040518571863,0.06203707220047613,-0.014690139214352152,0.060341131244288006,0.029422068023461943
Faroe Islands,14.523916376706202,16.729729605920262,11.419006408517,4.840035422735323,-1.2640514217407022,-1.2837526322167139,-0.8316930660379502,0.44571630493452985,-0.1943688241345282,0.5361980048244551,-1.0857067247472183,0.26072339879053363,-0.03307030669186706,0.34718189004429134,0.8282502941078246,-0.18025683841440984,0.04265321416634802,0.04939021946061083,0.011433970709516203,0.10033992644104382,-0.059118655084388454,0.01964177547483575,-0.0035558153834302723
Gabon,-2.3787153345477825,0.7494096467274092,0.060322196698810365,-1.0314213605457632,-0.45187110151291016,-0.5225327088149586,0.08870877112203032,-1.3483584161602056,0.34707620546807055,1.127208261846214,-0.5727671122713309,0.28559581787735594,0.7531382570267043,-0.19878767031173078,0.24874069168378296,-0.44968040642029633,-0.21997131283607269,-0.03936611888591507,-0.06037681441050349,0.030961728508690233,0.15802397712574914,-0.0705808565068339,-0.008575904265863738
United Kingdom,2.7850606591479967,-2.5064842210817755,0.8889083582665451,-0.36252988946460346,-0.9708052251154158,-0.07338129088684069,-0.1126909508774072,0.6538054214754301,0.17645387319698522,0.0014912305380645554,0.6657973866708641,0.6430740206554305,-0.4917556183022162,-0.4208825240041059,-0.11738219980208461,0.4746514894479797,0.36586255595802325,0.27489843714335555,0.011194005902536802,0.18388822048402773,-0.0139562681374485,0.010966092821388378,0.008731264370467838
Georgia,1.0467205569462898,1.5344838369047606,-2.3876292025671675,-0.30509278398566164,1.8863612290214873,1.5460678812694322,0.3882309680826761,0.3569895273108423,-0.2892187606986112,1.0141705181415306,-0.3923108603327711,0.3724573267290135,-0.5560429574248413,-0.02425499514733262,1.4388742893065498,0.048494062794757424,-0.1549135355476973,-0.4169242083006892,-0.21002415375985944,-0.04967123837437528,-0.20620527551246715,-0.08999779644554899,-0.01959959634850708
Ghana,-2.5396562359703605,0.5481768866599039,0.20118262696625272,0.547405508154128,0.10152582322660365,-0.613397723664864,0.5633163565241333,0.48546978623924947,-0.761303422753659,-0.7881130545722156,0.4212837586159445,0.12384933533824394,-0.13561747476203717,-0.2535547435162833,-0.08870268943899623,0.12460809661311617,0.040016905832341,0.08616664172305673,-0.31186475231972843,0.1250590251359227,0.12167931624515035,-0.0695968400484629,-0.006849635639337534
Gibraltar,2.9055717456859873,0.3802065327819365,-1.9459144788918645,-1.3532251918167009,0.589630466329123,-0.3037609784796872,0.18124289085222764,0.013265276802685706,0.1878583053648661,-3.2551176432072717,-1.1222071093077173,3.515198416341162,1.7244148784767739,4.804535890237801,-0.04220118362960405,-0.043393414193661266,-0.005968789732504521,0.6845325604411406,0.006074565517301601,0.19074663012001997,0.09151971936096856,0.007262550468384277,-0.19886699077744904
Guinea,-2.62457811593611,0.7342377527993249,-0.8232344294647557,1.7892943379961517,-1.3875405770800966,0.049032546045463775,0.6730033211026245,0.013988465485096484,-0.31269490815714984,-0.35169447912529017,0.2226533329868862,0.5991481809885304,0.14656827221206137,-0.31396186534718173,0.015977779458286927,0.15687257245464364,-0.06336721032910017,-0.0004922609678644527,-0.2549882110788245,0.07902970336728492,-0.04712371992039761,0.024754294294347178,0.007082531747712901
"Gambia, The",-3.1286908041865673,1.1602019080338697,0.2858375551454439,0.304590283148118,0.3500877248664725,0.727572142167717,0.8769172408231091,-0.44681710506668665,-0.21370595974675624,-0.10191879078475685,0.11326570155190978,0.8286924017767435,-0.2947356779103618,-0.07711861670058442,-0.15146688971856614,0.13880832606743213,-0.09561337897831894,0.06686698355381283,-0.11731094958135845,-0.0015142655989114789,-0.061869982100232104,0.0249470361337044,0.02953754642703193
Equatorial Guinea,-1.7304778355663226,0.005692614626087805,-0.4359073330797155,1.0565720946491244,0.10103522912970703,0.25608865666076264,0.24106270843526956,-0.5098495266229671,0.12125237752447801,0.49832767073127726,-0.6322862346335133,0.6408836677568728,0.5510609044891237,-0.32159688015319254,-0.09006450549136169,-0.4579151921783587,0.1906700710890208,-0.04493458131313154,-0.025206114814560747,0.04659071483188378,-0.017765870572677263,0.010642345302426056,-0.013241312352965814
Greece,1.395252822660302,-0.32915548471070494,-0.04828844774132019,-2.865536590641003,-0.3978400522959718,0.41313542580609924,-0.380251597346476,0.20112494007156667,0.3545230611493638,2.2920098788693233,-1.8858514806709101,0.05663597844531944,1.3631765428833809,0.005606816702526119,0.42313937143228975,0.21120987356985757,-0.09054615125891949,-0.2254611779430121,-0.2912778988731537,-0.09514889672157008,0.014247566766720917,-0.012374446532781278,-0.024086305461184798
Grenada,-0.4662928752485012,-0.4836945002262533,-0.00251162477984698,0.10610461625379859,-0.06633011385001192,0.17531553983970233,-0.3573177554865108,0.1138814967058499,0.16341131651991522,0.3695717336785862,-0.47054294887848497,-0.03159454250199798,0.24468031865626688,-0.23875536694225669,-0.13810813466034544,0.4138617433703378,-0.09695987382243501,0.4103535773998366,0.061777933952042056,0.35632259216034684,0.081578818052265,-0.18263510655104945,0.05488255103707825
Greenland,-0.4073830867191993,-0.9396885064433017,0.6717736897171658,-0.1471703470585835,-0.3008137696227758,0.45035125862296393,-0.30379489679146743,-0.09705143358394049,-0.3456465494418616,0.12780506807264375,-0.2586401617456174,-0.31890523786050146,-0.5281861210676041,0.41505866181912926,0.33296957055484505,0.026595431774500067,-0.04512533523682977,0.11499678638143974,0.02473728423154425,-0.01469865856121087,-0.23423607065939045,-0.11144229331572106,0.012666567870044176
Guatemala,-2.8295778101736837,0.7519924968222279,0.6961970846643764,0.2847327149642369,0.4447270331124023,0.6124397799181963,0.11144697216686877,-0.33445046834517156,0.4085871561645145,-1.0461830714449427,-0.15211050651201924,0.7641357749580189,-0.15093031196663884,-0.5207521044937726,-0.40811901572910025,-0.043044020428273176,-0.057897256331541976,0.01997837730548928,-0.14500355015668928,0.009567034502619823,0.04119157953444622,-0.00802445808916951,0.012159743006671936
Guam,-0.5568129245270503,-0.716544006344381,0.42111985425547765,-0.042831871535076234,-0.1681057059651692,0.2277279037022292,-0.14008996247565778,0.15226851592551346,-0.10655629163653277,0.3269366539980062,-0.12888902533977092,-0.54126825099406,-0.7077801252109266,0.21337158319497718,-0.2615274553028756,-0.9080523047373511,0.1621157702281913,0.03387851980459748,0.024158088615781847,0.13123544956895036,-0.004116658417153781,-0.09122190026726659,0.006698758425483569
Guyana,-2.2059328079291776,0.8403881882697976,0.37319336703113165,-0.5226467288948102,0.2296979211396909,0.7810919597584742,0.4640394579791057,-0.43243513101638176,-0.1590474899234958,0.23462977073989844,0.015017170742879964,0.674273349314395,-0.3887065505128569,0.4239821404952343,-0.11647937240829787,0.03556274258892805,-0.09085896319492096,0.061264696244109886,-0.41347294236451304,0.042112067743081044,-0.007783241234140366,0.02766862248306934,0.08899008888499828
"Hong Kong SAR, China",3.8193836867259496,-3.922736991951577,-0.4104744098510099,3.5120785456321495,5.468787542139153,-1.8228831365583034,-3.3676997415245613,-3.095731153280702,-1.5200376804221254,0.4395140655959079,0.05475301470199531,-0.4022504566485099,0.157990453373174,0.04867084061043924,0.4518622401659943,-0.2866149015020748,-0.6466049255708135,0.08680999603131075,0.027904258652031142,0.16461388827001333,0.3147255913333855,-0.1448486165369369,-0.07927255700287293
Honduras,-3.222496932593258,1.1781167054201749,0.7574136621392765,-0.3664890648757382,1.012093219916033,-0.23704095258191843,-0.19718492881450794,0.22156406593627065,-0.13891632719952163,-1.3621528456002858,0.1528777395144215,-0.4315449179561746,0.22874726322437994,-0.12054137815635901,0.06335927010986206,0.17492092516116278,0.103976648310021,-0.10316190481094632,-0.2970083195300437,-0.048302421277187015,-0.05790890326709891,0.0585894913877386,-0.005191649075527278
Croatia,3.018288586867967,1.4457241326740005,-1.511175572750878,-1.9762896970373154,-0.6015174417068986,0.2635936526946825,-0.38237615155837745,-0.2564493858096003,0.8983891839342961,-0.23646782792085055,-0.6482285854981878,0.12662529401572842,0.4581362693482165,0.45226136659528776,-0.3969659252529516,-0.020219495813405267,0.04892890948525778,-0.09154880145518403,-0.3648265063657853,0.12708955515500603,-0.15856016557607414,-0.06577808972229884,0.020766400917577935
Haiti,-3.414918630636996,1.1226692050001197,1.0727157334777744,-0.348042835037745,2.510042330892845,1.3574485193345556,0.3604710398256211,-0.16925657376391656,0.04445732052295452,-0.05691963460617917,-1.0458214231800713,1.3652203317501688,0.515430867422946,-0.9327405724086572,-0.5945053784539046,-0.045818493515882325,-0.13496669306260975,0.05490253654827599,0.04218437614775119,-0.051949749645504126,-0.14543065549895218,0.10561982234485665,-0.015483710940970641
Hungary,1.7445081253434165,-1.024086741054198,-0.679268887125037,0.06428213388296569,-0.6212439402290082,-0.3456151039422081,-1.0265861582440983,-0.3583662306939365,0.6207448616839811,-0.6510451206679586,-0.49906179088681596,-0.09053185333922623,-0.3845943238237079,0.5493512819426131,0.26777597759394733,0.13129582646065102,0.7516216020772051,-0.12234006931204847,-0.06769168704799396,-0.23471453788544328,-0.02984433424185663,-0.07197839143832381,0.03361280266530565
Indonesia,-2.3744781591776825,0.864523994610732,-0.5721546361913589,0.8735506233450387,-0.7102294009220168,0.18188864710177954,-0.39220213991446834,-0.42923925804464597,0.7352968650669555,-0.44554363401148567,-0.381914698126922,-0.5275420726883109,0.4723132840076228,-0.05057005777559908,0.1366435258998993,-0.18732584245382541,0.025767550523648968,-0.11119370852081206,0.22209129534248914,-0.15256785295707956,0.00046923045006560735,-0.008294614812318135,-0.01403345198948725
Isle of Man,-0.2517648090707051,-0.21181859687123075,0.05353333836869694,0.00043480889852359067,-0.056625170166317546,0.1043888617028745,-0.057190939351420556,-0.030408306642372804,0.058008673822440925,0.22911560554842944,0.19236919537956323,-0.33883348100077554,0.07426215070834039,-0.16750553144430966,-0.34392889739491617,0.21509244616414697,0.04221423068975894,0.45651238219686135,-0.006517237666322885,0.3359575623315836,-0.27417175551678646,-0.2615345792674345,-0.02095951287364549
India,-1.232451251172416,1.3018735559745704,-1.5091553125793422,1.5560119455159493,-0.73628331727281,0.3498894146192092,0.2004933277215092,0.4565605920956739,0.01689184030553233,-0.19685064207607003,0.16343018645262067,-0.6873697825618891,0.2950362628099018,0.2662592861614562,-0.03443312665698958,0.09850149370407763,-0.029570987595637994,-0.13030844126896693,0.29663422299361114,-0.09245543559835341,0.0856465196114195,-0.07153739365442852,-0.03826931010879191
Ireland,4.482276687855733,-3.16082496049206,0.7953564998561257,-0.28880688457440934,0.5929957046124243,-2.343183411711421,9.151883297971292,-2.1768522246217654,1.7930994200407937,-1.2758448254939179,-3.162070170964447,-2.9388650767599978,0.10766637681519167,0.30144890095521515,0.3030513824099658,0.1351361402065243,-0.009057081820909528,0.5092835425004061,-0.04177541253177113,0.10060152423068011,-0.08819221003622064,-0.025736452290239905,-0.04099208138397208
Iceland,5.502976321286906,-2.876701966577642,0.22183391719486562,0.7545828808174955,-0.1826443168711941,-1.4260611926531381,-0.8655650352071153,-0.00017548310019555835,-0.8321561156160553,0.22924850129948973,0.9290993128630171,-0.2921825330039368,0.17257186009630052,-0.3986482492430649,-1.4044763030610912,0.17407657818938976,-0.7547537176454046,-0.14041827896258327,-0.015079852712932197,0.08497597291053272,-0.3214931711181653,0.0636829341967386,0.004800068888381642
Israel,1.5711466121100157,-0.9279532289145999,0.6820819409388406,-0.9677009828009031,1.121328842002559,0.514944775360831,-0.07548720137154077,1.4933585789902408,-0.22548558971053853,-0.2864486239022061,0.036973162762670306,-0.13141613050151624,0.043477572020972445,-0.30319918647407,0.4469911731185719,0.4341886663343031,0.8100003010528449,-0.49882028814684665,-0.014548876380343493,0.10119792700486184,0.16960363429988895,-0.1422528879968577,-0.01845309397721267
Italy,0.2830092647567447,-1.2739866000474809,0.935590950963079,-1.1561701355871485,-1.356155396831321,0.2885376183006102,-0.0907936131293204,-0.4112179249336559,0.07012311484490487,0.3580151001580738,-0.4912709661627301,0.8502070002977542,0.2301489629170291,-0.50752875178664,0.004534278614379723,-0.06550953618804639,-0.1634909931155114,0.0979448276610023,-0.4486700130194188,0.13457249104167626,0.06443467901150081,0.031891967066896156,-0.00460648813942925
Jamaica,-0.7466330947871049,1.6370305514770593,0.45013837901202586,-1.5861882225983297,-0.1450799419288638,-0.692685402744494,-0.22546418124220907,-0.8448297215681235,0.16906845683633429,-0.5294439874553158,0.5212307570480763,-0.29877369671042925,-0.03812692448122139,-0.21774815651652568,-0.9554394220322212,0.1344278114669526,-0.14646231067250776,-0.2270277006986613,0.02592167557199697,0.09881444354678595,-0.07674114443712046,-0.04305369585666323,0.011433545012069148
Jordan,-0.7959493541552908,0.2783447305989396,-0.3406553196621389,-0.31247999940181215,-0.26110997344453657,0.5828750850040574,0.7197786266865644,0.9819612013560736,-1.4083779202250684,1.1670772584449078,-0.16037043223424796,-0.07939979228563075,-0.26186137519913394,0.46052937325642734,-0.014034814706110253,-0.12507457922192572,-0.15587837225608034,0.0254197466835816,0.06186888171263087,0.037963060690554044,0.00656099181813522,-0.0844119390810316,0.029509497222622114
Japan,1.638189849311893,-2.8141057675911267,0.1980901325971759,1.3372006092295385,0.42830845931993244,0.8685587456438093,-0.7655499263332283,0.8286677033512413,-0.42875343926968884,0.7434323459478097,-0.33008062551703116,-0.5607652350489196,-0.45426715359912273,0.6311375595388119,0.5271632513703353,-0.09247940775931494,-0.7155360816670675,0.2712131209171776,-0.3208155489998723,0.11002489798681508,-0.16283841501476953,0.1776586014360803,0.004873966994287853
Kazakhstan,0.795238255276963,-1.5521941211109478,-1.299008949100925,2.323713962439478,-1.1105065584529712,-0.2380560525024488,-0.6598579989190821,1.2542358011175765,1.8546694421624785,0.6549970909345434,-0.4346156823490988,-0.4479835638735312,-0.25642575406697216,0.6359529673824847,0.1377344906490136,-0.6402216614191547,-0.31145777878151265,0.02716180308196374,0.1670739184810432,-0.009435637074446702,0.19217589369496255,-0.11000162605503207,0.04669407657071641
Kenya,-1.7348972372802076,0.509073196507072,0.5950891667205468,-0.8330294241669746,0.6649318646827548,-0.1736272072937811,0.027242027964842708,0.3659974714426782,-0.6290428563005696,-0.004374956119744544,-0.20192184282902054,-0.09571965269131562,-0.20170339864558998,-0.18411652902915088,-0.46302040700855773,-0.3516751224340746,-0.13864901437674731,0.0640914685432702,0.05024138626117382,-0.07240595051161468,-0.012494512784715665,0.004580494575881202,-0.03613413470453078
Kyrgyz Republic,-0.725852089579745,0.2612296320642442,-1.8466386197620177,1.0608794399443147,-1.8977813385525841,-1.2776693052479355,-0.5980561566354635,0.0973925558939286,-0.5683782456288063,0.019190770703138318,-0.10959627901233358,-1.445921450719119,0.42037216886944556,0.2894114241352722,0.827918629498625,-0.3185533052155874,-0.07779159546937747,-0.08868692704712826,0.24899123779841786,-0.16167886892974156,-0.047592737764836156,-0.05908464414997645,-0.028105002026947035
Cambodia,-1.8699190399394234,0.5428427721480265,-1.59225600444042,2.5286124146126117,-1.3219664290968391,0.8492441725500738,-0.2634854458932897,-0.3377912556153269,-0.33971804775704173,-0.28740722787955025,-0.7752420267759849,-0.5987359165931723,0.6117744509313179,-0.17630804510957465,0.15262600552640482,-0.13307188506850695,-0.2183809238733886,-0.07306029233113812,0.15870169496539438,-0.02735368647862539,0.056486431344332275,-0.07520760490015035,-0.03187516402864187
Kiribati,-1.9429997074247498,0.14237878236753415,-0.011890613165617025,-0.6205782418652763,-0.5249171929004488,-3.2390480405060567,0.08659866457194779,0.827530371492487,-2.2926683083080843,-0.48903098186402244,0.7339252678607449,-1.0704794512943023,0.5819625882024001,-0.1794196758524861,0.5996232924271098,0.13508991949258004,0.27589750737328417,0.08372091755508003,-0.2869564455137339,0.09836220078045738,-0.11752128932743627,-0.012921013429327296,-0.05319446949480796
St. Kitts and Nevis,0.5075973743112574,-0.6660153377347383,0.38242848974539245,-0.5755787004077019,-0.2742655329791026,0.7420296932821231,-0.7625944999978126,-0.0739225399943301,-0.6516095879551171,0.09959937513506685,-1.011596804683262,-0.5258236921579046,0.5206576063777973,-0.30482324482749745,-0.252932540034856,0.6208382775460756,-0.35765731369177345,0.15027582606704568,0.20700692401858095,0.42288845969277167,0.3411559099137047,-0.17862234661322587,0.1349913526386237
"Korea, Rep.",1.4626773948254574,-3.098926071514981,0.6297653116415499,0.9653872449873832,1.3861317913131803,-0.41313218988455697,-1.5700579045088248,0.8298829025540351,0.394163997297513,0.16831615110093767,-1.1591668176360375,-0.33317424709928883,0.7510615446782964,-0.3206680459817606,0.5744830528764746,0.5120033027992772,-0.6865103433272715,0.3811954665240908,0.11314982310706148,0.23142483119148033,0.5977529464784634,-0.2559278501486617,-0.010434445996183208
Kuwait,-0.7733448847924763,-0.704375698087367,0.8272332831678636,0.17740660097509703,-0.6027297310147738,1.1039300426394354,-0.29200256896283333,-0.5428572310567218,-0.11855788915467237,-0.954623965819625,0.22247447173755422,-0.6334185006601197,-1.103224253205021,0.11107333744082373,-0.262802074307861,-1.2243093889937622,-0.05953032929565873,-0.09390925770305618,-0.1264662879001071,0.10999532445355774,0.022222746244367462,0.002546138530246724,0.003943330714975822
Lao PDR,-2.474050455037094,0.6926350784214619,-0.7929787874429225,1.739538820935006,-0.3955578101258993,0.04056338632582421,0.2063594558936957,0.42492505938272873,0.12184921124160296,-0.5724692902971301,0.06859759775769868,-0.6324345198974646,0.19972857832737867,0.238694028450428,0.29743498465527013,0.010941585716207998,-0.0450717540437684,-0.07000953106168534,0.04640375481195841,-0.05679598299720651,-0.040190480919855456,0.004984671806628822,0.006566908330750414
Lebanon,-0.26438760875031747,-0.49417438758495114,0.36158031937234036,-0.04827823723300716,-0.5717881673123292,2.0091237717225203,0.17238204375937333,0.679730138788208,-0.4834126698380912,0.4101274840418489,-0.6465838478868425,0.07635972851096143,-0.7724098900033075,0.4430704376803459,0.04578354628864905,0.4931616175158461,-0.3980545473257296,0.1627667105168682,0.012128336864988001,-0.10762743006877502,-0.1260005643827738,0.03516933976711759,0.046917785508657904
St. Lucia,-1.2075000613963263,0.1869713309290614,0.6744265792346303,-0.37197466305346427,0.10993012890888229,-0.3440227915395976,-0.5798784833596873,-0.9351291509144287,0.42848862950237904,-0.6385799264604004,0.44080179856611795,-0.0010253222216752556,-0.4581355076798161,-0.004820375210520367,-0.29270111955605793,0.5261225616384312,-0.034984337807039176,0.017009507175009587,-0.2408950606062553,0.14023880424863455,0.2917534878963654,0.005527797580955821,0.06625567757264816
Liechtenstein,2.204129082275742,-2.8757191260356127,2.1502480533526036,-0.5612680584990519,-0.18561378539083373,3.381242045215043,0.28113417864046714,-0.8673636350500702,0.9763860354886739,-0.18852374801469945,2.8030844705497424,-0.5202567807829053,1.9421053899875533,0.4523170789439844,1.219864770040927,-0.6880794235205189,-0.13465315795415297,-0.17653367364102654,-0.013556349933587033,-0.18865415431752514,0.2885603441113739,0.4295205736665656,-0.18514406159515243
Sri Lanka,-0.34195171371757666,1.5191398315499465,-1.5810399369150476,1.8043216230402286,0.788574419007419,1.5948544279583603,0.9296522009384747,0.2507319230389947,-0.9160005470095767,0.7584995446043855,0.1188963607824572,-0.15123829319816662,0.05611401975008122,0.4169274699617695,-0.5838441873694697,0.47594090317509347,0.04374484286319844,-0.4308292962036503,0.3640108103435335,-0.128249550202233,0.06447250871022801,-0.0026563608253582192,-0.0116291088611424
Lesotho,-3.4402940361522574,1.4927847663858926,1.4179640553443718,-3.9312637495689113,0.7310063420479972,-4.083987764157713,-0.18527852859628027,-0.6578148158274005,-0.8926061467893573,0.18449163252408896,1.4978749719166569,-0.5791695238397462,0.3831135949427555,0.37084532115135876,0.8029660177043956,0.09148409566822294,0.01867437160292161,0.07547779188215369,-0.1938517372786593,0.013576065961789674,0.12785609359651184,-0.05745560872323686,0.0231104296853178
Lithuania,4.139945288843633,-0.24144974616108048,-1.357836742958953,0.14105025782389857,2.3347929768474907,-1.1024045029185765,-1.9501869690903357,-1.3818037814011623,-0.006466135879311896,0.12927758146636747,0.08027519010279857,-0.5117705201258376,-0.17830750336984993,-0.5239100863293773,-0.2470823386541152,0.0711577425948088,-0.3663395264501348,0.5328158989271707,-0.5146803573648212,-0.17229411230051844,-0.2010932569735459,0.22218415670595712,-0.014464927084491151
Luxembourg,5.5000013872154385,-3.326688240906507,2.6705354149499554,0.6504844545700972,0.5262684203709763,-0.010211000298077358,6.023557158518728,-2.5690576195448473,-0.733283495588332,-0.4862502767809432,0.08236906682552698,0.3066390736765522,-0.36027991620769645,-0.4809262594527254,-0.38832012498649493,-0.087876981180457,-0.39220353112758377,-0.7436628112241359,-0.11187328115698324,-0.203719436440788,0.17445926630467926,-0.004814536889045963,0.08368301736817825
Latvia,3.6166027564531813,-0.41645792362283995,-0.8875420519902429,0.08766288021701217,1.911346781145668,-0.8518309776693629,-1.7390902872948688,-0.7151632848074934,0.18968612338161409,0.04034216691272766,-0.0615044965712171,-0.6211859243892484,-0.23985195819274727,-0.06708223329829281,-0.43768656033165,-0.02901545395368523,-0.2155917496180877,0.3770157330888731,-0.49083026633401033,-0.15596740060812278,-0.14994001061675516,0.15476050653701348,0.05456009718687128
"Macao SAR, China",0.6195071140938577,-2.077247799564987,1.1834987170489464,0.4793765929500092,-0.14442637411815934,2.694694107835058,-0.13117684636586524,-0.22888108045947128,-0.4592126617800732,-0.5586903958052566,-0.04341944644689603,-0.2860050991993717,1.158994647873423,-0.2431709436006746,0.5981685912612166,-0.36265797007656936,-0.15133496793199286,-0.012292754344838718,0.08500838347867462,0.13881002732731182,0.14926503659715126,0.10768857608658365,-0.02261108563340139
Morocco,-0.8944662349441046,0.5216652889051431,0.06869664577499049,-0.6045557408145122,-0.663215423933031,0.031233373135521332,0.21436216350310233,0.2731628740647178,-0.21068377283840536,0.10669563250295,0.24151440819594355,-0.17831390102757122,-0.7792239102405687,0.3950177535562426,-0.4040724259644162,-0.3478430170880826,-0.02501748600745981,-0.08088000855189068,0.09919088686128633,-0.20952848231290003,-0.06066490339396271,-0.005220216229306969,-0.012884866220128273
Monaco,4.722745348617111,-1.081564991787276,2.1290463914558044,-0.5056450467542134,0.15270595243508198,4.4157053060131854,0.5532777597866566,-1.4124425477535036,1.7162883943296892,-0.1501068378912316,4.109154756967027,-0.8651503378798174,3.1714320135565397,-0.5364661065921508,-0.09541923988569655,-0.27533663442997713,-0.09991974138117922,0.5846740977874997,-0.23219281222215,-0.04150265457594991,-0.3504580533124879,-0.57794867300624,0.13915666785785114
Moldova,2.3881129192395925,1.58308694444149,-1.878349446990119,0.8056865359786884,-1.455351194532784,-0.8661811308994611,-0.2759672247843394,0.7293860104727341,-0.888931435804856,-0.9584325839096609,0.7250918525276078,-1.341513116204057,0.15432537601886698,0.5422224031533732,-0.582371859451483,0.5320101760286625,0.05028840077284455,0.17625873932983407,0.10022685861591861,-0.34677766853005154,-0.171097780705049,-0.10906007420815354,-0.022947371953642614
Madagascar,-2.865265166261236,0.7950413700882026,-0.2124178150515886,1.5314716312220575,0.35855399956138534,0.14876243476307102,-0.018959984120394797,-1.4558249056231245,-0.005654635622785646,-0.5504079200504359,0.11873910331155856,0.9420623784938552,-0.06973367478948779,-0.5060486345677794,-0.22395222051477945,0.13490705730912775,0.1802705375690567,-0.0020237538238511666,-0.1530070329061872,0.03202102134218987,-0.071148205073488,0.050463794744004184,-0.004042425718632255
Maldives,-0.7341466135154712,0.45323764182101384,-0.2793975668048447,-0.3365481725986976,-0.1687991757605274,-0.11013678105411172,0.013696184807966779,-0.6095438826488204,-0.5918523865101198,0.36987902199970046,0.7442921576329586,-0.23602392947622175,-0.9927506508769817,0.0600434520179894,0.2288115474851282,-0.08353313592241865,0.08062836761548182,-0.0027426827141149245,-0.1798010510345166,-0.11217241721725912,0.11580420014515634,-0.19147158949550908,-0.06530278593588107
Mexico,-1.5119855019723034,-0.10811449642319916,0.545657336929041,0.07380673447954056,1.0296138618039683,0.32117464798019574,-0.019839570597405667,1.3041854877920909,0.07569678189023042,-0.17310717553756078,0.11212595935089394,-0.38372274426482406,-0.3205919106274476,0.44428210547338076,0.17461116460773893,0.09879148946939749,0.06296927570422012,0.07986126225081659,0.2830123353626537,-0.06650739861657573,0.1486130762622809,-0.09804865154382542,0.03398105748550341
"Macedonia, FYR",4.961797063776838,5.068309919736828,-2.7954072736069016,-3.8967958051426095,1.6515132852780585,0.6628922794070463,0.130042468956407,-1.326311571151222,1.494443282617634,0.37479644188314437,0.6461428610509963,0.08736915069682995,-0.3803161247134779,-0.13605802670768719,-0.765849461136308,0.38953919865103775,-0.09420203674593619,-0.88966490521182,0.3737992900731539,1.0788353572577267,-0.30709729491587684,-0.20010019468273954,-0.20737812155755225
Mali,-2.4680056728030606,0.7894910479514614,-0.883789244993315,1.1571667638277163,-1.5657161885289321,-0.41058385827219,0.779204407879057,-0.5351844327543916,-0.514831084248061,0.2973552433283759,0.3644118687198859,0.2960989351059008,0.05146297111652527,0.061511839249855,0.28559339725480304,0.11099739235783586,-0.15213848220512788,0.046886046099224,-0.11986133476440705,0.06772231422917568,0.035162292333915476,-0.04156452743775364,0.021091208883695308
Malta,2.9154257790199734,-0.20947294452024626,-0.4975374479634313,-1.0634703551460905,0.47251831613910567,-1.075350717893014,0.31086437351004315,1.205749532922362,2.183557929155886,-1.741680457869657,0.499999032471596,0.0037191680350122597,-0.3288157591693129,-0.1379973309943127,0.3095235390117413,0.6003935741514749,-0.25649524529904943,-0.20365434006257738,-0.058118560921054635,-0.05825662603877631,0.0074765137955134665,-0.04967809568902889,0.045589330489072724
Myanmar,-2.566334562845379,0.6670758437061304,-0.46756292286461987,1.6999298743518065,-0.21693004748241468,0.984139582621074,0.5542661979957165,-0.8590252216859731,-0.2288875881350918,-0.07133831872003595,-0.31940605139922784,0.8090246025640103,-0.08740423485209807,-0.326570851698018,-0.20373873865675185,0.02506860622980878,-0.2147075065469411,0.06510873799423192,-0.15684617791504651,0.15837955077457533,0.2680200287637145,-0.1595351791561482,0.013907273356811314
Montenegro,2.86875041030654,2.1007729154133865,-2.452523301953167,-1.9534359624854258,-1.0682373121663586,-0.031207292042600025,-0.18117050031295556,-0.36274631707151067,1.0690875147807415,0.10320211251354233,-0.13007014620820828,-0.15017747680553847,-0.15112908649569612,-0.12769559560610283,0.3655348399851497,-0.23613691264263434,-0.056416125286096665,-0.10031195399315111,0.18448709597646365,-0.07365551814968238,0.12438806579274081,0.0642811482082647,-0.08283548584228718
Mongolia,-0.746000713456406,-0.3200839995390962,-1.2768167310314729,1.7349707042937799,-0.37418572421075885,-0.6468854864608462,-0.2999510753431348,1.0817023937865027,-0.0001382874427246458,0.601694735563672,-0.7136414244782544,-0.5337820047201036,0.9794580900876427,-0.3189326996718306,0.3440443637616771,-0.06241688048831214,-0.18023130591485143,-0.05683525838572974,-0.043312129370289186,-0.052857818251869186,-0.11927311902969419,0.08859680788857972,-0.0932914437755984
Mozambique,-2.9412647135046837,1.251223204063079,0.04674593041383981,-1.3771067881069188,0.0400850476797186,-1.6181809683712727,0.7529723278261055,-0.19592392761135077,0.1977228193892794,1.6970952425104313,0.7488916799668142,0.5462291214668354,0.29538245297922494,0.46730381349595906,0.5516015075295556,0.06103058722682525,-0.06847588212287993,0.015334599921010408,-0.004831573642259762,-0.053054331045989,-0.027410605049888494,0.01847738115686504,0.03942861347315299
Mauritania,-2.14509726973864,1.0450156130303347,-1.0816354251205025,-0.7303091121697265,-1.2738502385276598,-0.9872537897751151,0.5737038856687072,-1.7317704001300283,0.7473396722256485,3.4203634192288757,0.26801193124970685,0.686481501492797,0.24289403159842868,0.9151516726205551,0.761080019322271,-0.20397933844917315,-0.04597391205891619,-0.10608597857674297,-0.18507492164750863,0.005927881813472627,0.09944967983550158,-0.06243091567917008,0.0432099563388757
Mauritius,-0.19176286238931722,0.29675108108794523,-0.6450711648630377,0.28872095376760737,-0.49539275551946604,0.16113864263786182,-0.3934013384122095,-0.20134141204766798,-0.6326589734398506,-0.11558448975456322,0.0324117028933265,-0.74701319456841,0.10580157207198092,0.4178577879280906,0.07244358043702061,0.405824956039063,-0.0073870758242953315,-0.01708957793581944,0.12365038639072495,-0.06352481438911982,0.08198703806754652,-0.04033232463448241,0.04871972836171281
Malawi,-3.1490332353574075,1.1211678719444025,0.1900268238265099,-0.0894084500485244,-0.073220715521073,-1.003522459795722,0.7285960842977025,0.2941371546075255,-0.8423812806841887,-0.36197130271521555,0.9543181744846285,0.33041101042673665,-0.04626569567799466,0.016863952897112428,0.21879531232227875,0.2814051539026648,-0.10445585063195265,0.12532909157466174,0.038674818100972584,-0.002508847115417152,-0.05192360367143717,0.015434281942236413,0.03302246708133177
Malaysia,-0.4910153704528824,-0.8789445789102759,0.861146693414345,0.17296596136523482,1.149761851094387,-0.44546942311809506,0.48992987617764505,3.256935825072735,1.487035805171134,-0.11433612293653121,0.5275432780065394,0.22463148644901398,-0.8565207897706789,0.30089007165838333,-0.40555342596847804,-0.2887916664301534,-0.08733441015913629,0.053635912390121554,-0.2411532305126129,-0.005563172383652985,-0.01839128319901064,0.029415478348208336,0.03782448452054536
Namibia,-3.389116931560911,1.2545564867906567,1.5477781863229778,-2.5914118563725514,1.37918969211606,-2.0488850886165766,-0.16885659581289583,-0.8704916255671539,-0.03184167445733742,-0.27325544111878564,0.9115280047369835,0.16437318769096856,0.08301759428807264,-0.0026013342311344205,0.25721133548291375,-0.04058993419320158,-0.08919928311312883,0.15658558602477976,0.568454008414925,-0.14537764704425568,0.022225037963767645,-0.025782225325093586,0.04837619622676532
New Caledonia,-0.4598207999261336,-1.1714697651963935,1.2422189615835415,-0.7004834568038768,-1.0524877293027903,0.4798391301963275,-0.6307410628869812,-0.2128449554135536,1.1638903309119903,-0.6223974677533293,0.2230841552115547,-0.2470603728082634,0.006348674085338506,0.1476572599794031,0.41668968461535516,-0.2385073229437538,-0.05820952494174252,-0.04938638862703706,-0.027068318582151855,-0.020029741130840453,0.12575602655051066,0.062052698490352075,0.030169022120326537
Niger,-2.2511836950153956,-0.09379778796080435,-0.749279985314215,1.8575372346640069,-1.0391306007959662,-2.7329299524695503,0.9913694967654941,2.754756355570141,2.789272938668349,0.520610142545504,1.281294491479821,0.7659069889294338,0.2271364429197571,-0.1609814448642216,0.2097195544190176,-0.06708898240528745,0.007942268395500728,-0.05473876344533149,-0.17725327472989033,0.04989154575768516,-0.02637169260187417,0.05703081481534661,0.013673914698916361
Nigeria,-2.1831163959179953,0.46816100425175255,0.2971425357646629,0.2208299386588162,0.03272623266460833,0.7898276348688507,0.30192263229052285,-0.2846208592306455,-0.18935709870393125,0.11227206734370193,0.07851060919721019,0.37814566542708883,-0.8618651452259795,0.23830648727582332,-0.24605443250502115,-0.33831926027989195,-0.06338049164315984,0.05280617125777311,-0.2233645453649514,0.06632027411670036,0.07371103083418282,-0.05245394175233066,0.03017577469184792
Nicaragua,-2.577451881080253,1.069421147935927,0.05627869965813026,0.04879699347077112,0.5805235608742564,0.3975710106410295,0.08350483454791435,0.40018504483349343,-0.6187651113341872,-0.45116012094618024,-0.463936041065021,-0.26596222962503885,0.6081320682324357,-0.21044338054021075,0.015920286220275814,0.10077301471093655,0.02946114257251287,-0.04114955323466445,0.0087473222981834,-0.09717766105451586,-0.05255042700152173,0.03389383271253976,-0.03531962745326415
Netherlands,4.575359429463683,-3.333571823771524,0.5110771057860858,0.25650599069606794,-0.6818295517503806,-1.1637962117995455,0.9488784444267389,-0.6773280049561153,0.05455533250066862,-0.34609967884770115,-0.596170932788683,0.22704466926235473,-0.2683897070569199,-0.3387128175480282,0.03842401264426168,0.23429378395935407,0.28483328331444646,0.2352377062536594,0.12281860808602313,-0.15555599521506291,-0.08231351478158531,0.018977639974444887,-0.08452414509271626
Norway,6.033062929086372,-2.9569850829733086,0.778312512150391,0.2615290448250072,-1.3220954871952395,-1.2880613870724829,0.21953856299547192,0.5440024472795273,-1.16546133661805,-0.5786033210946148,1.298999863376251,1.7862915777682413,0.5304207591753498,-0.1959965709497684,-1.0576906803938784,-0.41327906278837384,-0.6821999356582641,-0.8658498949716217,-0.09645070968374335,-0.37819051411126153,-0.058345379873273547,-0.09209184495914642,0.0011394869853592069
Nepal,-1.2580035992848697,0.9652519149421502,-1.1663091441874311,1.4502160693211628,-1.3181635966872944,-0.33656969516866797,0.5578910243936666,-0.27993771355274344,-0.7307867491975513,-0.5289257558844944,0.5050616964232278,-0.03098970400847777,-0.04945503403064807,-0.3182002115037004,-0.3308953250124911,0.14432744118789545,-0.17384287101479826,0.16844442215114308,-0.04947620604014306,-0.013191830571981316,-0.059448277293517864,0.008358762299463049,-0.045262633938204844
New Zealand,2.742209047389403,-0.9697071677023275,0.2490640004822232,-0.9612907820326392,0.41361607747225576,0.4840646874911969,-0.4863126809095852,1.1086658166360328,-0.6181296585818798,-0.4850124127708855,0.046343834190695946,-0.9190704466910836,0.05745582148218264,-0.6025172021521997,0.3327963519113953,0.36959035591621736,0.059648132777389555,-0.17350082844422948,0.26157218904547563,0.15031223702792101,-0.05770079270786257,0.023562091106500985,-0.11260689914803387
Oman,-0.995810739997088,-0.5303434191885679,0.8163987718663348,-0.43506354711486617,-0.8759270566134292,0.057224318909766474,-0.4664120834450421,-0.5701422887207248,0.2730787275595271,-0.7541484118397409,0.055038128840542246,-0.570603703088029,-0.9590690752873089,0.19723615319535978,-0.20953672724375558,-0.7277616630571898,0.46692578472202584,-0.017473357984435167,0.024418611547422735,0.04626740516116291,0.11996053564173542,-0.08920233160801554,0.01781025874589309
Pakistan,-0.9453918538433457,1.9335083989218371,-2.2053105664976873,1.909728851344763,-1.297937254738263,1.0265098630160718,0.647883542387537,-0.061688167247317606,-0.17773884415791655,0.3486175016070197,0.5056856174091547,-0.5504312996751124,0.1563395439296298,0.2254770437617507,-0.111486424160023,0.40110290607719923,-0.07520844419768746,-0.12388088056159671,0.2517272955519687,-0.025666423505033835,-0.053199331358337786,-0.13182125337152978,-0.07430565950853907
Panama,-1.7379937155222922,0.29332878913861044,0.9880233199182662,-0.42675135430476674,1.3101883635324374,1.5389696155100225,0.39762001127712504,0.6169508346123058,-0.833427627502604,-0.30658137801086893,-0.36172825458084223,0.4149474674873969,-0.15385907615445168,-0.14739309871034614,-0.3393836914376224,0.016045590388493732,-0.01688502657613617,0.05287803014195604,-0.22073973320690832,0.005127121223135941,0.06110790445437275,0.0005123693743794986,-0.013032030104435887
Peru,-1.8843080153545508,0.32319782216521725,0.31049766251893507,0.16298291578074686,0.5524971144951176,1.121167330732057,0.29650130598604735,0.9591342265148742,-0.5437336157100963,-0.08263791037669095,-0.5165818635456951,-0.04252588895871361,0.0031585491401398516,0.04176232018466558,-0.06427948567206097,0.038223154268624875,0.1579242963275109,-0.047223516300222,-0.31080110096182373,-0.024338611189344776,-0.06079820283679043,0.052515411643831396,-0.010214160203292745
Philippines,-0.27932056133410293,0.6526124650913052,-0.8915927706547536,1.1033615119831204,1.2586359712176263,0.12982631677037962,1.0826480197061377,3.6477714753459547,2.5056764421389746,1.6546710473415123,0.3265909991949882,-0.019028062928428808,0.3108792924150445,0.24875680538089176,-0.8694610634788523,0.06660413441288027,0.05823807101594516,-0.07636687063827917,0.14790412549575419,0.08761373825833169,-0.10739862764486341,-0.04116363024764868,-0.011698984713877864
Palau,-0.5801598348598804,-0.864178407393129,0.21170718305932779,-0.3419030087713247,-0.13029790134102534,-1.3938208813702058,-0.17524546079292966,1.2386542974901453,-0.016824179946516103,0.2022118168994563,-0.10715742244556774,-0.7421947177587954,0.33303137490245266,-0.28723540480550386,-0.03371441114762757,-0.5018071276049,0.17593838378083604,0.20528500481996406,0.08890289511669194,0.47131868065030297,-0.0809461591165052,0.07636668982292417,0.11444659107794664
Papua New Guinea,-2.6879147501932934,0.5471342347891299,0.29419788779583833,0.0790598822785002,0.18930136345528126,-1.1257959251766805,0.4664639126469892,0.8863007768154058,-1.25863925526156,-0.9338300512565405,-0.005483497770624813,-0.07878581486182304,0.6685807771877512,-0.7115662501698695,0.02992030333463334,0.12637285624776431,-0.02124237092595775,0.059890816173933,-0.4136983573095971,0.09713590137617195,-0.10921686382030286,0.08278008827642798,-0.047893385398234234
Poland,1.1658082274494395,-0.8246265640360779,-0.41099836878189316,-0.1422536766670476,-1.0490689260773898,-0.14930437174417413,-0.7150369514095629,0.03476685070841513,-0.14814961201528143,0.026978644462149412,-0.8785810053227829,-0.2327629482117875,0.06997397658393842,0.0634393190807506,0.12417254977395667,-0.1845067244737508,0.3188256117295616,0.01935293160635178,0.10591864197203742,-0.1688587128840807,0.027520853071201425,-0.036899391183491836,0.0268469438178567
Puerto Rico,0.3435960865613405,-1.3077219625911964,0.866913018367036,-1.6489058779206807,-0.6862823592934219,-0.061492515390783556,-0.4472814854114985,0.675462669401811,-0.3066449986466376,0.6984237621232297,-0.8196049359415503,-0.9708199846521269,0.45155731460978016,0.06705774084242277,0.2903483207416789,-0.4990469572579339,0.20881168249396875,0.04026415118775969,0.22090580488511563,-0.01910955089524912,-0.002738529099100039,-0.011566418275256158,-0.0027988510430628183
Portugal,1.6570805052778335,-0.442420775863837,-0.1312265018130211,-1.2901343266523972,-0.22908081698042745,-0.1600450815385403,-0.5777404474793976,-0.4881851900672176,-0.3085715500840059,0.1650981344210152,-0.505966194153712,0.21234097751828698,0.23610892283207296,0.24911643250625873,0.09724109829972069,0.31788788637490256,0.6144679127683855,-0.30172086329058156,0.008644785191163606,-0.12808196036665492,0.07723907933019121,-0.17148635735202641,0.0020476182570489184
Paraguay,-2.2910373801341932,0.43503890115059707,0.947028555407347,-0.5098837713196807,1.050761723497797,0.38343763068930276,0.16931420888832646,0.8402852385469723,-0.44016259525819923,-0.6157201093091293,-0.2114904604621284,0.10917154832902597,-0.21206304658316621,-0.16905491095708064,-0.3211669267846479,-0.20708967608363077,-0.18278071828742293,0.08127544029896806,-0.03598636379463718,-0.022291422241089067,-0.0011575413119141074,0.016904641752829613,0.003511546045164209
French Polynesia,-0.689049342978954,-1.0004250913592594,0.771652664986852,-0.20694642408971142,-0.521669163940339,-0.26347816830648724,-0.9201004660695906,-0.3602194695172926,1.0369253589066865,-0.37046206205751264,-0.18654646346193254,-0.15492486002048936,-0.3206746171482775,0.022640735281960943,0.1751243878046728,-0.135428061905105,-0.014074568168062015,0.09641946917541702,-0.04367870673758354,0.009663577718929969,0.001119798460886769,-0.04018604570886463,0.010435630121796238
Qatar,0.6462680035161292,-1.3502435477514105,0.7642658915440099,0.8008316689554619,0.26859777190235834,2.6982804747009603,0.9744438728198478,0.6983818858182126,-1.3156729839800432,-0.16335945958331965,1.6944937520987653,-0.49048801020917665,-0.6453407840311248,0.6482709615580252,0.34409655497725644,-0.9869556551034476,0.27156471361803064,-0.17051656956305947,0.10059501447063708,0.30342452129784864,0.11290880085451774,0.01004152295204926,0.03033661472979346
Romania,3.2247777878836157,-0.1370908234963679,-2.1156695378619976,2.050038026869375,0.9986584830512018,-0.6039909664377081,-1.8298634538668537,-1.883051134816497,-0.05092237744454383,0.09353875300338792,-0.16709934894739673,-0.7194716412776808,0.026397519954257487,0.09964910999928486,-0.39992179945248674,0.3279795222061323,1.1947557873545107,-0.06313906562247462,0.21043789355386303,-0.10784021243240062,0.002060704604373309,-0.16032792315741076,0.004227033663930706
Russian Federation,2.117492668926745,-0.6670464893139747,-0.9390593056776789,0.1359971813859425,1.8738411506212334,0.3805578605759455,-0.2842293211948345,1.1095897766735532,-1.1421339712727712,0.09618987851456405,-0.9816667248857232,0.5635473060941426,-0.23780054921190957,-0.19758310892820372,0.14511027707989121,-0.45825017480241387,-0.46356046817272917,0.15012300587171934,-0.015351626557157737,-0.0003053660365425449,-0.07413966016860875,-0.0598953581215657,0.02994276486742986
Rwanda,-3.27613307377252,1.0164582149177175,0.20179687654631379,0.9457400808957855,0.9891710018924903,-0.414043446934661,-0.3250230691716692,0.28211063931432123,0.6786294231360503,-1.4685078511505931,0.4296539049700433,-0.45090203727132,0.06705615344045478,3.2639909209650545e-05,0.12316613684252013,0.09994668391213311,0.15705534241879396,-0.048754864103102265,0.3572326671559306,-0.12464078759117665,0.061502631661098144,-0.045774381955324066,0.02096765838570461
Saudi Arabia,-0.08540819133913952,-0.877833001819878,0.025650616626546257,0.1623210355929104,0.10186901352924153,1.3876369452630406,0.9604131527047735,1.9600343523388288,-2.328511955577651,1.0990395449547714,-0.40189373676052187,-0.4741643030769324,-0.09010570823978019,0.45422928232248466,0.21030876125785533,-0.1279339793939951,0.005079684488678792,0.1638732536324871,0.19312527183659953,0.06469763007303835,0.017642047396819124,-0.04837724476394067,0.003659728407747633
Senegal,-2.8874122075753794,1.1289888753398578,-0.11612455019951128,-0.019016377564416515,-0.48647772406035894,-0.7667482193016165,-0.34715181707807413,-0.8270010613490337,0.5856293880987411,-0.6463559081074626,0.32376749969471696,-0.9513437262645469,-0.017225210000879863,0.5117565731800447,0.4924174200937188,-0.030022422824077077,0.22269779120937852,-0.1656139585541229,-0.1956409395813372,-0.1136644096153536,-0.06710050960086013,0.03966633856318472,0.010681318273746248
Singapore,5.718791681483145,-3.9406398733369623,-0.8943059573587611,4.409766836398648,6.6883239648839306,-1.9526997746002082,0.6577175391869174,-0.823233399558645,0.46328364252956705,1.432592604378258,0.5474651615073048,-0.4002380159586432,-0.34758522528420427,1.045082371717848,-0.09014450223826317,-0.2522417541210759,0.1893641963172525,-0.30621476031196104,0.20136113580100798,0.06860014389492587,-0.12280369135255154,0.11011869703306205,0.07172805671878324
Sierra Leone,-1.7459291322434292,0.028726522175065293,-0.9048536004469886,1.8737439186738976,-0.8897725810102552,0.13254192538889348,-0.0956121050575487,-0.6997910872011056,-0.7278107117247028,-0.0331657561809755,-0.6430119068669113,0.588537520033172,0.7644158634744341,-0.5928381198343161,0.28172867331298457,0.750450494813453,-0.04371803317349419,0.11884518426295052,0.060832799015121744,-0.01950621397327535,-0.16974048205224718,0.08923377439306257,-0.009090413820214771
El Salvador,-2.3121641874320717,0.9241253630035471,0.08787068143534121,0.17245774099691383,-0.3454970987927662,0.1830728768530035,-0.6102238489867446,-0.8687910833001391,0.8955200798889634,-0.9935548724275499,-0.3281081816125045,-0.28602915002972457,0.18529833419218408,-0.3777560215847194,0.015234738446202442,-0.030728638137915387,0.015340613825371857,-0.22396307964576875,-0.21081509406059762,-0.1245383467667819,-0.007583792113522503,0.03128783927404916,-0.03963291811629363
San Marino,0.30667742839753986,-1.429837955560016,0.8452635311807954,0.2782164187216701,-0.07087506914423038,1.4751303815877257,-0.09556879477932585,-0.2080216944112847,0.24953515883484964,0.4363943791193522,-0.3335345258614964,0.34646152070414477,1.1610729057298161,0.04821693236935239,0.8659087623983778,0.7744376262711747,-0.3097597166082369,-0.2699257824844713,0.12231607493497845,-0.07257204101985527,-0.14741460942662715,0.25698951964027633,0.07655354314071088
Somalia,-2.2337571051223195,0.3350417724977605,-0.6699012474904953,1.5852864094303305,0.16528980106454638,0.26602753530312356,0.28813050552207753,-0.6707517524760398,0.20360646647517872,0.6445025343336195,-0.9245574863294843,0.8960855516827371,0.7165198915030945,-0.7549090877837049,-0.15023051859987316,-0.03277072414467778,0.1694008985913009,-0.037274001589944365,-0.04286577003702532,0.01562881283600607,-0.12907109378863296,0.07032914143241803,-0.03634726698514886
Serbia,3.4275614117225977,2.534172806943047,-2.889192443235153,-2.11005769623132,-1.092231525190513,0.10207026253410971,-0.12216447096397196,-0.8238976334944861,0.682192057629824,0.8427531822215544,0.2004677518188471,-0.812495977811248,0.4015407533521524,0.14552314904848937,-1.092980564067137,0.38716668250194486,0.1917947046672736,0.3084897568292231,0.1171986056863942,0.20608908890761862,0.6058958611521712,0.7341444767958047,0.12568450510541362
Sao Tome and Principe,-1.619265697086861,0.1966892121421197,-0.955042395869603,1.4214941195677604,-1.3126518283039703,-0.3042156285465379,0.11461629283077392,-0.931092858754766,-0.6198237959721014,0.5814041928971211,0.34953722010033017,0.10387206772088824,-0.4327827004116316,0.2503830163452811,0.1383508588002379,-0.12113738328890866,0.162478377872404,-0.006481689981722946,-0.05365136766824195,0.04560081779219534,-0.042392628841678485,0.025177882139187136,0.02187758205427514
Suriname,-2.0096373489477397,0.059670658713944794,1.1102380040087387,-0.521611273483776,0.2604325531986209,-0.362648729564974,-0.3809733169996642,0.4000772583232237,1.621142114053973,-1.0719167674815822,-0.17770516474597536,0.295235823286417,0.07681900866519463,-0.7033193334834433,-0.4185497063982266,-0.3486476734279697,-0.4421225848325054,0.3769299715763243,1.4863461911298428,-0.2504878120806914,-0.12763521415920306,0.06363707224513876,0.013984970697809032
Slovak Republic,1.5688824210364316,-1.4508123788752434,-0.31841791383393614,-0.15451554073758256,-1.6698879108766567,-0.2026235548976839,-0.9387618935724976,-0.964764780520769,0.4433527534015649,0.6312063348502559,-0.4178934447882789,-0.219653306213037,-0.7584545689976337,0.27398126504334125,0.16227761896072135,-0.2619099083530843,0.12067209430593184,-0.00014131307571370102,-0.23342135344729317,0.016833150914010067,0.03624956324830928,-0.05939716455708912,-0.009015423600892681
Slovenia,3.313829322791178,-0.6845632366472558,-0.8006326950332352,-0.3347272607738417,-1.9786913643682198,-0.3364822952145621,-0.4301069068168566,0.041876987897433895,-0.6528102890525107,0.10592620399945875,-0.38789320893279045,-0.19328643509609345,0.3738264168593435,-0.27460285124905853,-0.6386150915549674,0.24795318435850056,0.09605353138238491,0.1464194394786119,0.07624491288220994,-0.16627245634699292,-0.09800013411510172,0.02197767458227752,0.0561645998295577
Sweden,4.8426746061616885,-2.7293396309407023,0.24650864366971487,0.05336624443716344,-0.4464486323473532,-1.8379299781263458,-0.528540282466591,-0.5097237764373345,-1.1447089208532926,-0.2706476776909439,0.9359409356157745,0.7663880657854028,-0.28840573890843924,0.1727743319079087,-0.23328127598711043,-0.2230068371040222,0.1854563713172298,-0.4441303041875499,-0.029543584258040892,-0.179299908708434,-0.18043548552390498,-0.01058462784321654,-0.02098530260237842
Swaziland,-2.8563365939708905,1.2704835764097933,0.8785723150761227,-2.572535116987023,0.5208094851266082,-1.6021025237395898,0.6196140507449447,-0.11471720184533052,-0.8890235114839887,1.0402625341096017,1.0447502224150957,-0.07305282589788839,-0.21516125794199267,0.7347526455493175,0.5098345886465289,-0.02367896437422581,-0.11824444577297269,0.10148962732803891,0.05316828816776787,-0.056641383476940754,-0.014141467272958595,-0.020514917191647948,0.051755602351230834
Seychelles,-1.139694434863815,0.11282745262402852,0.7610286730534387,-0.03205263698020027,0.6528752724992617,0.7492727619392195,0.01573375164776653,-0.5276095957668385,-0.061811230492835496,0.05394642590112086,0.6723361649504809,0.2504450230912783,-0.848075318873987,0.46331582087348067,-0.07614716868445429,0.16193451869505504,0.0038018216362245617,0.3638602589650838,0.24241501955923533,0.09344719306647463,0.08420682632102634,0.17008470199801698,-0.21306951078016687
Togo,-3.4311259523852384,1.59146379730843,-0.17855466032696823,0.29284853607737654,0.5352754189872823,0.13614368864502982,0.27734903561312585,0.12652272110420085,-0.3471553603530911,-0.36270815201908635,0.26520048771694854,-0.4076257716037624,0.42708032337488483,0.35222892850201376,0.44258195603571654,0.35082881045508457,0.10378666287230807,-0.12468598129629198,-0.14169925297674021,-0.09192487093787867,-0.06083007126363085,0.04157711888197686,0.0119063209653653
Thailand,-0.8554750496862874,-0.7311594703936662,-0.5203476099978204,1.7526631603405323,0.3524195801836446,0.046452746757827915,0.034029097750044195,1.5609113936666643,-0.15552335974519363,0.29232762155997744,-0.5126669813394692,-0.12929366282426272,0.2823592138820099,-0.20684834065579522,0.04885442432024154,0.09051285848597868,0.3875358571899334,0.040251431288178596,0.18378881081023185,0.021443075854859606,0.1015789401385445,-0.07823650108059688,-0.02585602258700536
Tajikistan,-1.2542757123400134,-0.635252284436953,-1.0408765080509557,1.8547255874093431,-0.8813466374937611,-2.311004049163553,-0.5150698788212266,-0.04794961824039793,2.6575351029633865,0.9511471589771905,0.16779698003354238,0.46968934977778226,0.12388837646566421,-0.27061871625344536,0.0791968352668376,-0.7379420884890604,-0.14360623111826112,-0.08564720208153317,-0.06086416825725048,0.034637644858896165,-0.08641036244894972,0.07098458999712921,-0.017139448700338445
Turkmenistan,-2.3575704117494203,0.5295601489426255,-0.31548831422574136,0.888133110765445,0.1961870550271062,-0.1282703143339835,0.5005046416471846,-0.9752606888037163,-0.09918980084419748,0.6983024981300918,0.2761477028227572,0.6426477699950817,-0.0013049202828019524,0.007958647362389914,0.13291109183322922,-0.052677028667802536,0.19176186132153916,0.003076891364207883,-0.05585250980071992,0.051843896086654205,0.014048765696940952,-0.0008114785123440414,0.0152604994598205
Tonga,-1.4358166175991245,0.1471506639423072,0.34936472526461454,0.23119049535941347,-0.7211263905164678,-0.4152024691693555,-0.721951550987761,-1.3082532164355172,0.2703418598310916,-0.42403936919517254,-0.6722945682815376,-0.19846712200127367,-0.20170944174669717,-0.40545105393596836,-0.10731185262718324,-0.6588329739658367,0.21297620272882398,0.28198387161918825,-0.1495282417556314,0.06302087942670945,0.16366746904165147,0.07875953605729284,-0.04509237995026114
Trinidad and Tobago,-0.5817290680666207,-0.4861352052331727,1.0397125050133886,-0.23331794817778082,-0.44883570481503604,1.1862771843336248,-0.5900494532225234,-0.792834310315086,0.30467382923546654,-1.1120998257586414,-0.3732367072627846,-0.25752653819851695,-0.4310305113836558,-0.1899055721701852,-0.3074599385111832,0.09627970811406888,0.08714119775208326,0.08067612859012788,-0.32776165879091484,0.07304868689515712,-0.009796629786493202,0.004821183867312261,0.05785276937914882
Tunisia,0.9568175525085404,1.7808579426943136,-0.9375161097749293,-0.8733767731339489,-0.5345427098125982,-0.3565786730182888,0.8469041126224519,0.781535138097732,-0.8657301301499862,0.6237404473437728,0.5978320807526617,-0.12653733577915732,0.07000325234508993,0.6121683797603592,-1.095538996979042,0.14913353607804866,-0.26345124978736556,-0.7386884720926492,-0.20580294605955898,-0.3790662673063332,0.10493161973750205,-0.014007397583339172,-0.09981231387694182
Turkey,-0.7551119681605003,-0.3508313202264666,0.1333583505093742,-0.31925469379789595,-0.11995877969713685,1.114425570316137,-0.43766219630556413,0.1625543329410164,-0.4417950965687663,0.4818571759805335,-1.592946831925171,-0.1915446703750848,0.5372588971517133,-0.29580400675549906,-0.0021347181653253115,-0.16565089857044457,0.1539804239188477,-0.04813503302187227,-0.01019803679521283,-0.037255182965935184,0.011728464802385609,-0.03513831415326245,-0.028851819457844964
Tanzania,-3.141785776553835,1.229591568466678,-0.7327400974163347,1.5674882088703035,-0.8791786699611686,-0.06567357570565555,-0.40068868447291406,-1.0042799050914901,0.67533210243509,-1.1105604718911875,0.2316814181492466,-0.4939666515426709,0.23840024922512829,0.10288967604290036,0.3430231794605907,0.09591905706047855,0.07915351193484796,-0.16210001474473995,0.026971216781949484,-0.11613984255462918,-0.1013285119086518,0.055943856722149285,0.014825780647339032
Uganda,-2.5113308143975446,0.8998668698474392,-0.6427506481420869,1.2059087311683943,-0.01615136876996123,1.0847706138262565,-0.14280966576335424,0.02083664170311844,-0.007721570379271171,-0.19245132343741578,-0.8788799939052007,-0.4317021255095329,0.5779362897200195,-0.06942770156081354,0.08069684469260884,-0.09278264649684731,0.017707260263775386,-0.13804412601509733,0.058399569853136574,-0.11968555729733388,-0.0972500496649114,0.041722637583286745,-0.021316743074318082
Ukraine,6.447821945308378,3.1247855543517047,-5.456109045738925,0.10079542064009711,0.3696387076942558,-0.7628789824935046,0.4861066122118923,1.4858776486963756,-1.7461232236935744,-0.5928053261418442,0.04832970862580557,-0.03281736460402723,0.5751155469832862,-0.09863310166205196,0.09488820088986089,-0.6164078241899648,-0.10994544313110606,0.06871412379442955,0.2897284790389084,0.23353223023303735,-0.06739974188335238,0.15015685998721273,0.10459166655728384
Uruguay,0.9066995847585106,-0.09211483051963319,0.3135849720619808,-0.6068770959408507,0.5871349078949186,0.31649953863684016,-0.3177078169869479,-0.08398198700867482,0.03774208558674903,-0.7089361361763462,-0.03142797740304861,0.6191656733119654,-0.4177374664203607,-0.03522529868296806,-0.08090134001515852,0.5757280279454612,0.40597962635378315,-0.4729563974077875,-0.10215346521046385,-0.02240323970263456,0.13429002531753648,-0.012166590538610434,0.0902316287531016
United States,2.1063916730595005,-1.734017904518965,1.041375673412593,-0.8018004856914568,0.927938539034991,0.5138283384470536,-0.7629659954287018,0.8029117318692914,0.42060585373728837,-0.3997851636978437,-0.07083341155877969,-0.48004278669773376,0.9670231229520632,-0.49538154057594674,0.04047664101561487,0.0761491087438476,0.8007703333018295,-0.2575740837000949,-0.036903261205496786,0.16873874951353537,-0.2341757308597346,0.23673193534479103,0.0031242702347614513
Uzbekistan,-1.6017320047853452,0.24667695751778712,-0.35899766406023476,0.3507657373629497,-1.1736268409420743,-0.2316052295535933,0.5246509956838062,-0.05358524112303751,0.16734242677175964,0.5476167408580599,0.36428029716164634,0.03175215970136522,-0.7701364289277955,0.47555090052097443,0.19383871665417374,-0.2595808127384223,-0.187832126114145,0.052957977123920155,-0.11973483184853,0.013905095185348104,-0.036913957178661125,-0.004365307376298296,0.029874351966882273
St. Vincent and the Grenadines,-0.9272360427843428,-0.2357665022417834,0.48874396597592784,-0.5189959824973941,-0.7247829742853737,-0.36710701083261843,-1.0307573528691942,-1.1644422394609983,0.10100815307155077,-0.783178734675774,-0.22329362085437995,-0.46692621119668093,-0.3021504550678765,-0.2328788880384258,-0.21547819492128084,0.05175063200036376,0.04538971734282655,0.19241731957307032,-0.06062217760701443,0.05112393459456592,-0.18530545630673034,0.09016490561974701,0.011272129765536558
"Venezuela, RB",-0.797853735505519,0.04728410942789937,0.9503898918925838,-1.7780339083092338,0.9175839334222405,0.5567656566479734,0.44353502961519864,2.036785219495613,-1.862543032965181,0.3054171622595731,-0.7298580225004146,-0.45795429474322813,0.4105120070501458,-0.08857661824447287,-0.29057281573992244,-0.1313953689188985,-0.06900502531985067,-0.001122689927561872,-0.5350064493722602,-0.00020982114961622757,0.03275532213822755,0.012090859903279213,-0.07658223006943927
British Virgin Islands,-0.23132377404345214,-0.6524356044798473,0.6699919624267047,-0.15764667644720018,-0.4022100844399531,-0.09711681813871126,-0.6720798201524659,-0.33423016500605734,0.35609497513165655,-0.19416201370442407,-0.7802494922061739,-0.18878013904959992,0.4819250373137982,-0.30035595119598624,0.12253574334805895,0.38037194950260034,-0.1777516286503699,-0.23060962995254045,0.1056526679325779,0.25677531041005314,-0.17923212133714697,-0.06022155196568017,0.14702180368312465
Virgin Islands (U.S.),-0.08480220919018414,0.05154277240710945,0.26316614091143925,0.14589267076347545,-0.06172487955651972,-0.022703045664733065,0.023883914374468497,-0.03094423136752059,-0.051132019589407586,0.279393874065001,0.16316468906707723,-0.3563714329860535,-0.009269791496976421,-0.12700470626803864,-0.6288531165642515,-0.021568797120406033,-0.07812264563199414,-0.39780197152670743,-0.026515625034686983,-0.4112646572784145,0.16675296866433278,-0.13222961697670743,-0.18683095281618792
Vietnam,-0.7204753798175721,-0.530404096739598,-0.321215030495499,1.239165062242005,0.518876081748356,-1.1614403588267292,-0.4374323131877464,1.359184696379177,0.768309795776371,-0.4272430610014537,0.24398963270949647,-0.9500017778989981,-0.4245385316251662,0.4127347046015676,0.0902091548471127,-0.20349687613169673,-0.01755199346326069,-0.03546917223938454,-0.20295568339571804,-0.0030315897819504244,0.014142983617643738,-0.018563032060839934,-0.007011377009514465
Vanuatu,-1.2910732547107546,-0.776391408360413,-0.48528639537228563,1.499022306391343,0.3608398988975374,-2.1804653083565264,0.10106496030785879,1.9873327878750668,2.6102713558398203,1.20950937039824,0.042813391756519804,0.6617117026285273,0.5652982502850367,-0.5015024423208401,-0.0734244146330817,-0.4445790971560786,0.061050347735387686,-0.0833480532104347,-0.1906995468455969,0.09638980483610425,0.12922691737693584,-0.055416599023217036,-0.04927022953002201
Samoa,-1.3634451316317997,0.7955354548266353,0.019490972696848033,0.3360556319546966,0.10034216544274227,-0.6239007741239744,-0.010434720257408289,-0.25757787977511787,-0.8923118719685829,0.21306090126439908,-0.10935895788436188,-0.0028628862735265506,0.41480382309709396,-0.4369018861785373,-0.3140288209633867,-0.032862142530071685,0.013205116164426399,-0.17562071946822605,0.2682172059432331,-0.07945679971453218,0.13843812165761737,0.03100098411357211,-0.018513202967723172
"Yemen, Rep.",-2.0872305229459354,0.576410532472671,-0.3306351402904434,-0.15243829565871952,-0.20496292707991698,-0.6877062572659345,0.1714302392602744,-1.1342498586197742,-0.4672774350261293,1.379116573062224,0.350735674337411,0.3126594376428082,-0.23913973305645828,0.4733770209128795,0.3623414310678578,-0.06704308584692854,0.16064179742642473,0.027331697859110386,-0.005583155434506873,0.004034219358569942,-0.010745183266999674,-0.020566226246702766,0.029531090202336154
South Africa,-2.593725617437577,1.084345572205431,1.8817384365712255,-3.573417221385249,1.7880730172885855,-0.7134296941463857,-0.08206460454385656,-0.7697607775549117,0.639403017676725,0.8925391775700023,0.2546937121638714,0.2864776204903063,-0.47847456283109285,0.4622593218162965,0.012067754577398171,-0.4526615699245577,-0.07835544052235631,0.09829507653990074,0.5617003156472157,-0.21885176189867378,-0.09008716072539949,0.006365013724249504,0.06960952409277057
Zambia,-2.8655118408794316,0.9794500952006076,0.5699396378504094,-0.5446279047380909,1.58441335937824,1.1010197621615585,0.24239553269992517,-0.7732769612289796,0.06713824006195067,0.8823354474601003,-1.0271412916098466,1.0990856823256925,0.4120161609803953,-0.5001753968066748,-0.3354161894588383,-0.25164407360353885,-0.20254912505247968,0.07204864372163879,0.3679441019960377,-0.10143656703564637,-0.08336255051546933,0.030967977121095766,0.00827151510099182
