Country,Comp0,Comp1,Comp2,Comp3,Comp4,Comp5,Comp6,Comp7,Comp8,Comp9,Comp10,Comp11,Comp12,Comp13,Comp14,Comp15,Comp16,Comp17,Comp18,Comp19,Comp20,Comp21,Comp22
Aruba,0.0017264916794295993,0.0492504048169785,0.17646504155101478,0.06996466351650904,0.05653406827337654,0.0008757419536866189,0.07588800654534453,0.0534476210312761,0.020399149596090155,0.07907209014226665,0.10646857496904066,0.08084006819946861,0.16130440432459411,0.047622215750219354,0.0005044381168176908,0.0012780031870262627,5.3703461391284876e-05,0.003441088388857257,2.288127213547751e-05,0.006236827013850523,0.002600393053999136,0.0031540752153406226,0.0028500479412866216
Angola,0.7695554020843012,0.04874648612291433,5.860869119615448e-06,0.05231170287990312,0.0012291182683867433,0.0012138996834765727,0.033562097334085536,1.859951942006884e-05,0.002166519722171554,0.00197959376098441,0.008272220743715083,0.06053843747037254,0.0008598472904249738,0.0023133929735777263,0.0001915694986300774,9.031958958948794e-05,0.00018034206700137347,4.818216781636274e-05,0.007632605366907561,2.2090450826243257e-08,0.006254205340887641,0.002822528568179922,7.046587683408298e-06
Albania,0.12275822120664154,0.1234184628356135,0.18637768269165986,0.026758575125264264,0.1837657293359897,0.023746786541589387,0.027100542259707223,0.02980944250199145,0.009278710898685448,0.054315557651395126,0.029314915271590188,0.14436494708658706,0.0017380375110971603,0.004035337454237984,0.021773588017530317,0.008656937990346716,3.421290981745522e-05,0.0006415923338771626,0.0007530481944831511,1.2540082660696412e-05,0.0011382962267319013,2.2822281629026943e-05,0.00018401359087382753
Andorra,0.37423878003362293,0.04523022068158578,0.17825462862162214,0.0017540791156548023,0.000707067058369588,0.15639850302649946,0.008007493790310035,0.002932425084833291,0.11251964618918207,0.0036894160873005032,0.01610328206667725,0.00932499446346815,0.009997983906730595,0.022206210025235984,0.0034998382881352708,0.01993301186240297,0.007572675671255753,0.0027041734437531486,0.00038039418036149743,0.002677155079755942,0.002748266268305963,0.01877962953721559,0.00034012551772132955
United Arab Emirates,0.1606151667671428,0.03986364469057533,5.646729501798425e-05,0.06677888026378334,0.064913278335673,0.4252100344860161,0.009708429319313256,2.33119284145588e-05,0.00015405101159986207,0.009845432644696223,0.03390362646818231,2.3536247289949673e-05,0.1167817210687045,0.005086636514569345,0.010344114018612512,0.018555956019085565,0.02861206990032444,0.0030703167144519546,0.0030750518973799057,0.0022123843057419773,5.377348494865941e-05,0.0009628476052132118,0.0001492690132633263
Argentina,0.01931796066325045,0.019816954962722188,0.11092813547214966,0.3334458250768159,0.004503047574485574,0.00992312713783286,0.07743840389773944,0.04090761061848157,0.0009304059541578184,0.08236072680227328,0.20891548618644898,0.026344730684286402,0.019841392683042476,0.011936494591616864,0.005603647327800555,0.009904404670543225,0.0002335927683849421,0.0008949031021904377,0.01519618132177693,0.0003990052909357393,0.0009969559851636556,0.00010273675650535566,5.827047139577768e-05
Armenia,0.3949133989821301,0.28790669755868253,0.20964001732668114,0.01230490101400972,0.019428570070330956,0.014549913906415994,0.01469672133104571,0.002536339570065174,0.00033720654896274874,2.5057869418724815e-08,0.008264733934901325,0.001199683333293781,0.003216514327581693,0.017912391756677058,0.0021425951195890554,0.0009611653598693436,0.0002517892974654866,0.007536495872837801,0.00023854901881342305,0.0013379526882441547,0.0006059678434652858,1.8366734408436866e-05,3.3466594683416464e-09
American Samoa,0.0923924765504222,0.3558095437740662,0.02429653940628953,0.040213440745335165,0.00010208582195495496,0.03254505837801031,0.0004771449935459228,0.0014226962207459118,2.9513721777901414e-05,0.010055163764588764,0.00036880617587392453,0.003324159583751848,0.016050129690955213,0.017076661961319482,0.13800610389763918,0.0860828160177991,0.017886342849275122,0.061907082837635824,0.0009325869603979031,0.0035916656476628547,0.09726059917662003,0.00016570790006360963,3.6739242689942016e-06
Antigua and Barbuda,0.025908087556515084,0.0013668790654965885,0.02391130513519332,0.013677957302647828,0.0069626206468033705,0.4061883106163103,0.010595715204298055,0.17130443259832548,0.008895434952388438,0.02608241456302867,0.004110545811443197,0.0014347630648246323,0.18754739745060517,0.03348504574789405,0.0662825801515403,0.000244745130424503,0.0002488475405691977,0.006279815287119536,0.00012316178635032052,2.1877746393360774e-05,0.0011975908788306115,0.00318610353087281,0.0009443682321250876
Australia,0.4242010692912193,0.153374941471228,0.017131187034887953,0.04935972183184346,0.04548204248884182,0.06828735152954156,0.01283195483387152,0.06936061317942337,0.003284859836455153,0.021601471721841806,0.0005232210240331736,0.047447248415500264,0.06222760277898868,0.00927411877271458,0.001923789620490996,0.0058040894494736815,0.0019726425937650087,0.004949758119867343,0.00017209725092798294,0.00022108750983006745,0.0003358399373173321,0.0001594506376447026,7.384067029222972e-05
Austria,0.24127891925984782,0.4307118593422827,0.04046879660318738,0.002223899601703024,0.11804208507307533,0.0013048583538008865,0.0002840677805995249,0.017321519014825777,0.03592105822221236,4.452909903352801e-05,0.0017620490556884293,0.05994621730688256,0.00018836464436925666,0.03685249147253272,0.002440456669908894,0.004787733605307036,0.002329890878327148,0.001734428975519867,0.0006087696026431013,0.001556523982340375,5.832780250849288e-05,7.71255527614316e-05,5.602810064256352e-05
Azerbaijan,0.010806727470117232,0.0498672983245204,0.00862804399872034,0.08389576562234811,0.38144613766308416,0.18463053343764937,0.004819411304930406,0.0019736156177999663,0.025285542829297007,0.00159950160515589,0.008157453189427346,0.0014097722483445462,0.14267162693902138,0.05375819379325672,0.0006433005933784499,0.005006447671547279,0.02253500908386252,0.004600842721290328,5.651972916181812e-05,2.2873542547927684e-06,0.00463643320712395,0.0031067713223356195,0.0004627642733723008
Burundi,0.32384739375154475,0.014258004727019944,0.08755426560289122,0.19276514162714162,0.1197006628105198,0.09373221363687022,0.005987084971425764,0.034685541917731745,0.06118921905712974,0.0036837091289857963,0.038846553560127124,0.0020416641074856093,8.127328262459038e-07,0.00014503909016202137,0.009836876377202925,0.0015807310650380602,0.00046916150256470356,0.0006237416003289287,0.008605487191492588,1.0487603006508627e-05,0.00038467529171638473,7.423916672015963e-06,4.410873011611231e-05
Belgium,0.3360351363378816,0.3760524321474701,0.017249413652419592,0.005556429381904838,0.15566977168908763,0.013469349601121141,0.00017293535022862853,0.004734422423354126,0.031530552869655726,0.005475278817457398,1.5282276405663857e-05,0.020330710104770035,0.00013775304100078017,0.003294508523257793,0.0007283107601623062,0.006386821649857052,0.020177590731754107,0.0016982513393222357,0.0008846073109788895,5.23071715639639e-05,0.0002728879269808225,5.391165096774669e-05,2.1335242397552207e-05
Benin,0.6726938622998354,0.058777839338133735,0.0009199320438006822,0.08878482287588907,0.007139098978287159,4.598474657518165e-06,0.0318730470003544,0.01074668913502768,0.021247632328665146,0.04715799368020244,0.00436061107203177,0.02816052772440811,0.002264984631575641,0.018390662186535473,0.001199504301597703,0.003053364338955828,0.0015365402736054565,0.0005835736491154069,2.0830538899022922e-05,4.407694107320531e-07,0.0008673376566956778,0.00021430248628361297,1.804216032547174e-06
Burkina Faso,0.45689698301117726,0.026483182190948418,0.020374227050782616,0.13244188479283348,0.21549796914098984,0.03725243458662587,0.00411259595764799,0.005728659565079264,0.023037017187787553,0.040930452295357744,0.01678820058817823,0.009528552872443441,0.0001873588914519565,0.007334813788330515,3.6239098538827044e-05,0.00023435618229682582,0.001884502979384542,9.713091764009632e-05,0.0010064420870352156,5.8394158006388704e-06,3.323119186357137e-05,6.191460196547046e-05,4.601160584059872e-05
Bangladesh,0.06227981046542769,0.1478706600711385,0.1804059952860278,0.2346939393216432,0.126264516781686,0.018051189012695597,0.007086823115032507,0.08876178157556504,1.5631273693467153e-06,0.00022758010339792367,0.014383590287759668,0.005441902710080648,0.0006408123874813988,0.02854477977989131,0.04528430670976973,0.006383418163907288,0.007819844791967604,0.01344124747582461,0.0007266171481629677,0.008626960723607097,0.00037682357317892086,0.0006328534466349483,0.002052983941749931
Bulgaria,0.4761777195909252,0.04673815122150117,0.1415491232234212,0.014878823494622318,0.0977295962193166,0.0019314434484560424,0.08563074939588962,0.06074889091597207,0.006932645728183154,0.005325737363303171,0.02844261694721892,4.54444945776012e-06,0.0024448393956514264,0.016940672818878226,0.0011755832900630684,0.0005609744980274088,0.003126910817595706,0.0007611726718989455,0.007393977793062334,0.0005204638788456996,0.0008236085825108898,0.00015247274552122157,9.281509677686594e-06
Bahrain,0.037824038826784014,0.16305732396586928,0.041139860162146984,0.0003739371337363163,0.0017233833107060113,0.4566831610004099,0.012252872539974624,0.003163232218421441,0.004331348453106282,0.03309202769958742,0.008332800226058514,0.0059445608925942,0.19078877709762612,0.034615870580642125,2.3759469992626842e-05,0.003256175479468716,0.0012801028768265766,0.00040412408266274753,3.441621460663542e-05,0.00013288921386326422,0.0014241791917014913,8.026002127499382e-07,0.00012035676300206927
"Bahamas, The",0.00623778828336288,0.060300718449655996,0.07261097678960017,0.15947039086834625,0.06689975485788849,0.21781125778421048,0.03947458178919309,0.1749617162000119,0.00928487767805371,0.08259606582992245,0.018346144939311727,0.004834600584559807,0.032021990388759525,0.046082187233577744,0.005099483438195402,0.0004560368340197857,6.414512445940386e-05,0.0009998761277423397,0.0016644556611126273,4.3186894210133975e-05,3.6543948779440645e-05,1.6415812531345752e-05,0.0006868044824951024
Bosnia and Herzegovina,0.1802046064355061,0.15393050271693792,0.05284432810008327,0.31606817846428453,0.04956082603948771,0.0020329767581397664,0.003113407102303906,0.08309489272843791,0.033368473435659615,0.08245804916823186,0.001258115291857347,0.009142566942917117,0.0016470674209218051,0.0002006813181979847,0.02646177593169314,0.0010534297347302803,2.475866867184895e-05,0.0016571335460402058,0.00013018412548066618,4.784536162934035e-06,0.0015148865608599488,1.2614404478101999e-05,0.000215760568915963
Belarus,0.3790007268631596,0.03723563371986107,0.28362666765738337,0.02942439924163153,0.005389266321971248,0.0010656057954688703,0.0026004073881074636,0.00012265378697968662,2.4566676759195103e-05,0.14764716654448384,0.028410977923780296,0.0383881296816323,0.0016612828748997252,0.0005135035631215772,0.02232115085371219,0.008210695529981585,0.0015451395646124929,0.011470728324319012,0.00016870921581465484,0.0001907558360728067,0.00011900503881788081,5.1423190233613806e-05,0.0008114044071959795
Belize,0.3877610403905114,0.10396979750488798,0.14860291299031939,0.22531136211298314,0.03457969767637917,0.01797104854164412,0.002034807850400987,0.014406408363077442,7.29422082102122e-05,0.040239908437789504,0.003999773526934132,4.139043191346276e-06,0.0018837441227677442,0.004486331668975792,0.010113812402122118,0.000496961459526892,0.0005032860901128102,5.472187804481615e-06,0.0014150051106102506,0.0012104383856658002,6.29646191360689e-06,0.0008083233498186681,0.00011649011435302343
Bermuda,0.08686126015783054,0.1591717952501733,0.07190999197983615,0.00019123404882811693,0.00017692690150233968,0.11347920722387539,0.021568373962663295,0.00760535094011623,0.23767200045333287,0.006831345655696493,0.0009748684963142007,0.008364877427420533,0.06825705150432625,0.049459319958398563,0.007324032635536436,0.12646934089947653,0.013236220732324075,0.0051069244948607284,6.74000136532727e-05,0.0070845125834918315,0.0045398240776862026,0.0035498531883480936,9.828741430824803e-05
Bolivia,0.23408215579863073,0.033329775274436445,0.030867668498121108,0.02739446310402349,0.10371869991118084,0.0036861099804628376,0.016359052368322455,0.42777823909702695,0.039784394845498054,0.03240894679629169,0.0029623349241072712,0.024467997527829244,0.00019886669357900992,0.0004820316674180271,0.009377347013372993,3.2645911229735795e-05,0.00020491310888057804,3.8746870061676424e-05,0.012055177256748081,5.530091026779959e-05,1.9709500102486834e-05,1.2385243188266436e-05,0.0006830376992201026
Brazil,0.2433070576882884,0.003054389180721143,0.22516274476526976,0.17185729517423215,0.1052296938750627,0.011277217298791288,0.04258208898158147,0.025992024092354384,0.026480153849903744,0.11171978621993668,0.011860049704418289,0.002277675529014034,0.004098670096883383,0.004866525693870953,0.003542542079274771,0.000855501895378373,0.0046596840945494575,2.2971748483874828e-07,7.657442898060641e-05,0.0005390140614774861,0.0005245326962420825,2.3865382651271796e-05,1.2683493633010031e-05
Barbados,0.0919507275108275,0.12612417094514386,0.07004020977476358,0.22844254132793296,0.02557708122572058,0.06960898135551392,0.12737757028146046,0.025612750977460987,0.08880089568115497,2.0595034368639125e-05,0.0011881955138533164,0.09373447452941597,0.0001163890518463777,0.0002365089058513242,0.008363228279730859,0.02192871275426338,0.002896280196145471,0.010007178203097307,1.0356494134601037e-05,0.002982784697027984,0.0037705508401607163,0.00010394261112485033,0.0011058738090004045
Brunei Darussalam,0.1781735965201823,0.03964643186195073,0.09806314355330935,0.0015987029347964547,0.13079359307933902,0.08554434065415209,0.03678639240506424,0.0031446892995325338,0.05728883124331393,0.1323038852556113,0.0008189879837470618,0.01428464120225937,0.1131575168973631,1.4935270936068828e-05,0.024726613705039813,0.07317741365437107,0.005374642172646565,0.00038382432300309135,0.004050078747773306,0.00020279403204683546,0.00036204777650989485,8.672638941668394e-05,1.617103763501167e-05
Bhutan,0.11311333153520252,0.16969866781855267,0.04882787071583254,0.0610808209486496,0.001497792079771394,0.01436846859059176,0.030351063613022197,0.09671588496737732,0.137682750293569,0.003555839067104206,0.0869682676815603,0.10426657424227982,0.008746960852495683,0.027246880960357784,0.019686917785417236,0.03296733314450391,0.0009075714302124812,0.0009180385750011399,0.001326657996022499,0.03393502829338826,5.953913879797925e-05,0.005297398317730208,0.0007803419525593589
Botswana,0.32784940279531677,0.04587278809779688,0.08666759648588017,0.3026705091857761,0.05073238204088258,0.1360839137819234,6.341469217015164e-05,0.0006073563496738307,0.0153708754050772,0.0029807891286433136,0.01407377599766653,0.0009890306080637032,0.005475682128490667,0.00033390754274535976,0.002609075680306231,0.00028682526128476226,0.0016599935050549024,0.0008952550121493195,0.004243364083483591,0.00016570423721329848,0.0002094521459199431,0.00014112688391694204,1.7778950564318452e-05
Central African Republic,0.5084673097959453,0.0570505482737552,0.027259085481164604,0.0026694152234255203,0.12102840642420322,0.007750362180425474,9.69210185650052e-06,0.15018033432354697,0.01633078246448198,0.01862326549239522,0.001167048559253446,0.06366179288832806,0.0002485589160506287,0.01703839330248147,0.005774744302395885,0.00038042480500561103,0.0011418763130629165,4.144459606301631e-05,0.000491680592091039,0.00013532018572987936,0.0003835393106712633,0.0001552761708353812,1.0698296831332732e-05
Canada,0.5603850764718283,0.0637458906868223,1.439490102285765e-05,0.0004341254495506783,9.859836353072617e-05,0.06979803655382115,0.01132779316129117,0.09697071202713221,0.008311716442984977,0.005496088511815791,0.06265386991046076,0.008097185754436747,0.003729979354188777,0.049423518620421936,0.0024241793369491585,0.04737614269912202,0.008141653640532983,0.0010383942324172105,7.493875477618142e-06,3.0337815753087822e-05,1.0488133882054814e-06,4.869511775702832e-06,0.0004888938652756453
Switzerland,0.3619696971046441,0.37607183546637507,0.05112328442585354,0.004556620321420835,0.012195749330684947,0.004237998293043714,0.05138319359931708,0.0001784261149835755,5.2238624196502974e-05,2.315637506059209e-06,0.01758069599612846,0.09034091283003601,3.975347171810829e-05,0.009790491746785895,0.00024224599266031924,0.0002764593490866724,0.016925062396403522,0.0004905437886733921,0.0016673913685537267,5.340466898310243e-05,0.0007749176946844197,2.3440802368147928e-06,4.4417698024019396e-05
Channel Islands,0.4298108267551812,0.32620792575869345,0.06462111068867875,0.015543098231537066,0.017374209335264606,0.0009380714608240311,0.006102840855074972,4.0299983807707533e-07,0.0042812789601603006,0.06189471528043791,0.0035756499252882976,0.025678233951160447,0.0002542315081709162,0.0009162880544933135,0.004144921353012954,0.0020410332104371883,9.065679665808959e-06,0.01360164681642862,0.0003923773908637811,0.016079741791544745,0.00034123772377996314,0.0002177062101428971,0.005973386059321185
Chile,0.03247883378402672,0.08739495880177889,0.1571245763405457,0.12185469148699213,0.07339789738179955,0.06495847711742093,0.016254082084630177,0.09751985816126144,0.050391905974602705,0.0019870377662972436,0.2038022311612435,0.0008533131790081133,0.006644170350226949,0.034158193070623406,0.009214277925763119,0.006438548704071338,0.004833577045110864,0.0026262220274560887,0.020345034950868607,0.0029887511754485684,0.0038346689131715404,0.000836452926526153,6.223967112669075e-05
China,0.09714692272024626,0.13962173650014564,0.019953431574781483,0.16298047114016787,0.14465642477170923,0.02614951062986289,0.020938181053408087,0.02215335238433227,0.19727279922948013,0.016634718270671884,0.044123648247990595,0.06613554678158168,0.013304198614824826,0.004782057230305534,0.0033170725222516173,0.000574300952125264,0.01574027746526851,0.0001289247980834025,0.004062570521285969,0.00018135937697341865,1.0506805044733415e-06,0.00014135999738693278,8.453661217390295e-08
Cameroon,0.6332603819751903,0.07756625418510431,0.0016005378515824254,0.0896238179037461,0.1472976190178736,0.017447602437116714,0.00029496449181135915,0.0037700643147747315,1.0874948935950272e-07,0.007112651617172771,2.588272214420914e-05,0.00011664193402576931,0.000962065396004504,0.002387650629093441,0.0005118778606004923,0.0026346772625208377,0.008598763506473053,0.0013316314748015722,0.0014637244209670633,2.892842844308715e-06,0.0032083860752605206,0.0007817679493710058,3.5382031509923865e-08
"Congo, Dem. Rep.",0.5738388682025698,0.08131736202520422,0.03337171733787602,0.13981050665421346,0.05587063573941708,0.009233184370469383,1.7317485964440767e-05,0.01806950277234353,0.02319389183365878,0.011960141364837891,0.00027189163524658604,0.0001374136232961759,0.007646052637425097,0.010613997924615263,0.010694820567292877,0.002688805398867849,0.01397907562531313,0.003504984981925247,0.0012799588174180786,0.000632300317887988,0.0012553867994972725,0.0006106721246989501,1.5117599608135117e-06
"Congo, Rep.",0.6074633377334706,0.08944985331296697,2.7808151892267864e-06,0.005368176225532868,0.1386166618483436,0.035125425590157154,0.0011790833533039523,1.4335413025653423e-05,0.02830380512054182,0.017750897950020626,0.013147225418421674,0.016396060469162064,0.008272505677534576,0.007089739497116384,0.01268362474172037,0.009090970824699174,0.009340064510148408,0.00028045626626888205,0.00019961419789422125,0.0002187888489442579,7.3372967889115e-07,5.0742588737507076e-06,7.841969848398301e-07
Colombia,0.2431429664327065,0.007280379878334903,0.10846946326618587,0.18610562480502088,0.2316055421240929,0.05378917018912604,2.8667431106204966e-05,0.10670748680974944,0.006036644739199211,0.00307804278318958,0.04346549443242488,0.0004195449882271844,7.514214368049664e-06,0.004656941699900435,0.0011056698039047146,2.9572741436043627e-08,0.00020632944011625098,0.00010556357254738298,0.0008435495085587581,0.0023665957511746724,0.00031092107376839534,0.0002468302893172882,2.102719423933353e-05
Comoros,0.5908256076839989,0.05297084126795356,0.024630964210132233,9.358565607984138e-05,0.1786577024659197,0.013220517695437032,0.015587130257828164,0.00791941037561375,0.04494110766294579,0.010494419784903298,0.010118050893244702,0.024728140469660813,1.3065920092303365e-06,0.006047926451648443,0.00020361036548857548,0.004397929066853416,0.0006674253582860462,0.0016854306308901792,0.011019162705361702,0.00034293502957405,0.001177775461031535,0.00022153266064975434,4.74872544892496e-05
Cabo Verde,0.6406260462138299,0.007425773612517192,0.05260263326209506,0.018724207643225917,0.08768924909656912,0.0016108050304769676,0.0005271712096700195,0.014397408308679143,0.11306850427537726,0.0010392261381756192,0.001854648371871404,0.0013980728394888855,0.04645200462097502,0.0028100074476207415,0.000442098503815217,0.002382992233365662,0.002189783351176726,0.0025993900158793075,0.0014611938854116966,0.000539411436055245,9.441707495235391e-05,6.369947245174353e-05,1.2559563196236646e-06
Costa Rica,0.015723938395951088,0.004241983276936308,0.05284731780802606,0.07884099311024188,0.04799545349510429,0.12422479139769091,0.00029569393438863095,0.36341146321383766,0.27074364880533197,0.004207918548036736,0.00041072587896309146,0.0024160856541706795,0.000643238734251961,0.01404416051029736,0.007310063400639375,0.00518967220630684,0.0006931137078206339,0.0030229383771419585,0.0006548361683380536,0.0003284824370928246,0.002446703852593865,0.00027635117418207494,3.0425912655785402e-05
Curacao,0.03595418340062407,0.22690672092003783,0.10551133921861446,0.0018893267215354399,0.006084853660594738,0.040433154413274865,0.005745673428722362,0.01524008854028338,0.0020583842178419015,5.964878868061014e-06,0.31739515143003916,0.0001395328267853201,0.05753609654087469,0.025418463856516957,0.14540595698160347,0.0037723969712381224,4.7998254805979535e-05,0.0014724664822258935,8.33417467158706e-06,0.004782689202275263,0.0005643138977099377,0.0031700079322552984,0.0004569020486011317
Cayman Islands,0.09455089306834136,0.011736616181749772,0.051269806959444046,0.0859741570375292,0.00483389098262583,0.0363348773467985,0.0032460649087132577,0.0016084624863334865,0.01344722860252131,0.026212040703867994,0.0002709195831290376,0.0006683794467200269,0.16252956082484374,0.115773129339782,0.34831309903808066,0.023664906756842734,0.007006107747851829,0.011137578346197824,0.00037661409279775857,0.00015937350224854829,1.1122976500396561e-05,0.0004999731710740333,0.0003751968960064182
Cyprus,0.2409015697243919,0.026939117868422825,0.01103023377031507,0.1636575442508815,0.12124772791605117,0.007467418211884698,0.08605709461084213,0.0357901124996477,0.11853549328499022,0.07191225984035166,0.008666707133147726,0.07435408773555034,0.0130047170495482,0.0005816012482717126,0.0026675140055206718,0.00049563908690675,0.010771414855404272,0.0019827144142215685,0.0029180096813777564,3.230297962600239e-05,0.00010931462080871957,0.0005326011009112847,0.0003448041109260055
Czech Republic,0.3750014550136394,0.19316174392149116,0.038603188508920534,0.031159383531580574,0.16436344347018159,0.006895830919197645,0.09390243067487848,0.01102414924838552,0.016830828569761116,0.011454368948669177,0.029875559290047368,0.0005403330047781639,0.01339401536825467,6.326681158395422e-05,0.009929894529512505,0.001627791356117079,2.203523046515082e-05,0.0005278080395997743,0.000757648911041172,0.0007547094761890712,1.3183259411260819e-05,2.200935906685779e-05,7.492255722771482e-05
Germany,0.21375025105732848,0.4299815951745074,0.05397903837019865,0.00026383500505418425,0.17803955275558767,0.0007177688100672335,0.0037025472720411687,0.00022505305536667458,3.0446453969281403e-05,0.0030284298601138257,3.5285293330938266e-08,0.06737016062677323,0.009004576131406018,0.02676035662180139,3.710633638877076e-05,0.0011155078123267945,0.0073335920209096125,0.0029971354442733847,0.0007442510170713293,0.0006010413404950476,0.0002960431140206792,1.5190710898834305e-05,6.485724106870401e-06
Dominica,0.008801224468736548,0.0004022822580803773,0.07590403003027199,0.10710817201942244,0.14766088374357134,0.006375592267494864,0.13629381285389822,0.039235021497265404,0.14232744098667607,0.08952021755343188,1.0114834390689674e-05,0.06589255923426175,0.040929372234021086,0.008019251163780834,0.11374731535647235,0.0039681411389021004,0.00945994197179959,9.085278091705727e-05,0.0013685394403636626,0.00030465332556615156,0.0002688021172315186,0.002296739780965535,1.5038942478250813e-05
Denmark,0.5227798876390176,0.30097004201519145,0.002458537350307668,0.002439653725194938,0.002467679969430143,0.07286673421006344,0.018012736163803254,0.0012198764298164866,0.041379542119336456,0.0024752671064558014,0.011185209730193237,0.002914163867844415,0.0006692929094975946,0.004717070991534052,0.006491668640048365,6.507513761351302e-05,0.005169646809603953,0.00015482584421243063,9.20961789159003e-05,0.00012205630328461957,0.0011903729574757617,0.0001554522876873655,3.111613471488156e-06
Dominican Republic,0.2762225436462034,0.06243946233982329,0.007434078925583539,0.12207228293644266,0.0402554688183058,0.2038472682497208,0.003575050889092046,0.01928282347730318,0.025783082091374726,0.0921510169058434,0.11712068340577295,8.504285383762383e-05,1.9095304278802908e-05,0.0031493195741946847,1.176951224253174e-05,0.018056358632275143,0.0014088315151181213,0.0025980428021430647,0.001811959425343701,0.0024398367942571357,0.00016396413703877164,7.200518046812837e-05,1.2583336277053271e-08
Algeria,0.6045398886320169,0.052028523491605264,0.006749937977348418,2.0464342444274464e-05,0.0852419196023366,0.015226777843292278,0.03390751842149721,0.0021053594752231545,0.1093015650022376,0.03772636519011184,0.009790257710752556,0.004845058189198214,0.004552003294409494,9.90103389144033e-05,0.00043706746987033233,1.255204697490388e-05,0.008444191094939818,0.0008511396332025145,0.00017943205598669172,0.0015331584973084724,0.01571927272765916,0.006670450799316123,1.8086163353897042e-05
Ecuador,0.4906474117646576,0.004697835004636616,0.020616943853656026,0.001414934868840386,0.07859506564733111,0.1319185451383227,0.0015314962930794058,0.1871480830550965,0.02388459050286919,0.002917317288259031,0.031254224541655495,0.01072100522142412,0.00032199521197954654,0.009731685112229353,0.0002453085894805748,0.00042319201809563645,0.00109769178925804,0.00010885782664659828,0.0022942230125671723,0.000307711152853422,9.656292414977056e-05,2.024442648224671e-05,5.074756429606045e-06
"Egypt, Arab Rep.",0.18582364641516186,0.08796264907099062,0.02787237416045813,0.022738295818208926,0.03432193553972852,0.09541678121081121,0.08964880367013166,0.016668329683833662,0.09979921851628169,0.24821196323867006,0.0032501043482759152,0.006968469733230134,0.013773165384771436,0.021095194486463877,0.0009020998483722115,0.0023388757672251873,0.0006719088679824028,0.0012528000683382939,3.3664092376337514e-07,0.00027470675368404047,0.035235807681701446,0.005362536187616291,0.00040999690713857377
Eritrea,0.4607765680218857,0.016055593103577154,0.02861763290719305,0.24951469921050207,0.005020995099305892,0.008376084716394333,0.030112322151325362,0.014376287066949467,0.05443606154567109,0.03160605269587006,0.004393921300506962,0.08614575006788727,0.00014738763472546312,0.003640987643986457,3.3396992750975723e-06,0.0009381535713924675,0.003833377507877726,9.089781213731472e-05,0.001060664480428463,0.00010571536364958001,0.0004858156178174558,0.0002559201298044068,5.772651837190257e-06
Spain,0.09154981475087563,0.14618047308868126,0.030597226002515694,0.2639955675865162,0.006676870056974041,1.626850135231317e-05,0.010962366352102484,0.02093756909093488,0.007507697136225137,0.30709957619422096,0.07450534776070628,0.012481705135062865,0.010807234582071031,0.00018903219425111785,0.0051581023714566835,9.761959479203088e-05,0.00806745466362225,0.00015438358509557208,0.0024036260697983362,5.681607767921808e-07,0.000584425870282702,1.511881058123324e-05,1.195244110442988e-05
Estonia,0.7525937278841021,0.010442240815442802,0.048268333928102015,0.002766836022441278,0.01722632009857745,0.0003896653225891036,0.028132145635065393,0.0028925940319027266,0.0063146416180477165,0.004242463937523,0.004182436269415713,1.7561718424890613e-05,0.002432976127409293,0.031476308194462135,0.0669542945262191,0.0030772669170366705,0.001510288256533655,0.0050885476509953415,0.0021629818187092454,0.008311304113415689,0.00043502944614808486,1.8174487160596418e-06,0.0010802182187206297
Ethiopia,0.43700662241808924,0.01950865830514188,0.05433987585396464,0.19944230822923792,0.13500860823904032,0.05636122078786999,0.0004001601796250155,0.053041638881771755,0.0043550288001014984,0.005442087225833724,0.016510422160908804,0.005928917161164678,2.010875350099587e-06,0.002917219147336201,0.002224553390213486,4.311604530245265e-06,0.004610205420122761,0.0001340219584384515,0.0018037996107434164,0.0007883181957272118,0.00010434838344010101,5.777699550255848e-05,7.886175846163599e-06
Finland,0.5204135701588404,0.22884790650344725,0.007193388925305192,0.004816652318162465,0.11265106454739232,0.02747889710165669,0.004846764159226473,0.001824654825546267,0.07446329392918741,0.002652989272050369,4.067992783775555e-05,0.0037745791787555027,0.0001601484661343514,0.0033396585557365164,0.0023492216486627232,0.0007458242267010045,0.0001967208073882938,5.310244337660448e-06,0.0030484932399134517,0.0009688192757319648,0.00012373967179818928,1.7236246380210425e-06,5.589939154971236e-05
Fiji,0.7028538023327947,0.013784294796005105,0.02364421587616157,0.003542545031838477,0.03407223993448367,0.025942486066849794,0.004795687073410266,0.016284965662274803,0.013081312971406274,0.0019556480305843,0.05599565074157779,5.4694073221062296e-06,0.006949903384426241,0.015298049907592742,0.02384611247989141,0.0494763068392177,0.0004995757481370664,6.182080580431307e-05,0.0031418801374965724,0.001832829553016249,0.0008329968290720454,0.0017587129716507568,0.00034349341898611176
France,0.24215758269280907,0.48704432049314544,0.04386492687369377,0.0005872064501448465,0.02476472362115335,0.03216811244413348,0.0012541028889889033,0.01596122493841619,0.0028685718117879523,0.036878721005351466,0.0006823984141015358,0.08047854404394726,0.006027729041202606,0.005596821603225142,0.0016426016588043273,0.00828561636459676,0.0014833130890320272,0.006632469682282431,0.0012740611247546013,0.00015578824165164517,8.735422434680105e-06,0.00014738693396552967,3.5041160377048575e-05
Faroe Islands,0.32392428283788566,0.42978758872622747,0.20023161941033085,0.03597270586744402,0.0024536098662977838,0.0025306886692778355,0.0010621899496941923,0.0003050654814219383,5.8013523180056225e-05,0.000441495634606028,0.0018100938051447027,0.00010438450698425066,1.6793935139129197e-06,0.0001850930673799899,0.0010534143349467484,4.989528705790703e-05,2.7936986189719545e-06,3.7459151712122987e-06,2.0075675958763168e-07,1.5460501707242978e-05,5.366919948664574e-06,5.924306390440461e-07,1.9415761805921697e-08
Gabon,0.4582866087405106,0.04548736514882178,0.00029471790379112143,0.0861637248674451,0.016537937955133714,0.022114604902374504,0.0006373607991689785,0.14725258353111026,0.009756676470526934,0.10291070400235348,0.026571028740458216,0.006606263768153484,0.04594112654395225,0.0032005978614887023,0.005011248023414654,0.016377973053918936,0.003919081691169744,0.00012551551780620225,0.00029525184007576525,7.764305568920046e-05,0.002022545024584291,0.0004034837710501662,5.956787001807693e-06
United Kingdom,0.4276325383643931,0.34636290680443554,0.04356276180113357,0.007245845391737208,0.051959580499655884,0.0002968739702512936,0.0007001313307747623,0.023566683040736603,0.0017165790864915893,1.2260015051158226e-07,0.024439121930167167,0.022799396733598393,0.013332146788973827,0.009766145994196961,0.0007596366574223859,0.012420844416538807,0.007379677005181976,0.00416625614655154,6.908320678454195e-06,0.0018642718674976419,1.073841133119278e-05,6.629873790078512e-06,4.2029643114158085e-06
Georgia,0.05603159996569423,0.12041931523561898,0.2915447872620178,0.004760311675194954,0.18197898569030158,0.12224430416053716,0.007708180334000632,0.006517521437132032,0.004277839028528536,0.05260093690859017,0.00787104106945888,0.007094545207216061,0.01581205097832405,3.0086654641704617e-05,0.1058808018406478,0.00012026760366425779,0.0012272986271217243,0.008889672102820483,0.0022558488850807743,0.00012617737618327154,0.002174558325565753,0.000414224010220922,1.964562143826577e-05
Ghana,0.6669084924656654,0.031071185048079968,0.004185017967547188,0.030983801644680606,0.001065784541587313,0.03890457697589454,0.032811123445179405,0.02436917294178615,0.059928297798230924,0.06422341874262168,0.018351256708583508,0.0015860020264732134,0.0019017248624444375,0.0066475231282814495,0.0008135606842425685,0.0016054947950651683,0.0001655782880718449,0.0007677056051344786,0.010056548735568901,0.0016171356650556926,0.001530910841827646,0.0005008358640934114,4.851223884605059e-06
Gibraltar,0.12881494339595992,0.0022056783941884735,0.05777640809222999,0.02794107993390272,0.005304724949914379,0.0014078844292154786,0.0005012160861105441,2.684946726398908e-06,0.0005384728864124565,0.1616725981439565,0.01921538413927848,0.18853966342102288,0.045371857801629896,0.35221343955004764,2.7173920685237835e-05,2.873099609640403e-05,5.435951827492765e-07,0.007149756657231662,5.630325210294733e-07,0.0005551582368798897,0.00012780045471331444,8.047877669946605e-07,0.0006034321483268045
Guinea,0.4737327529279202,0.037075569241391305,0.046608106103720605,0.22018005746052788,0.13240542823738624,0.0001653420412983719,0.031149337918219444,1.3457195343221352e-05,0.006724438471059951,0.00850639424592,0.0034093595694916165,0.024687828720608186,0.0014773872339995807,0.006779040160966062,1.7556876329201305e-05,0.0016924211423492844,0.00027614906800460363,1.666499577566912e-08,0.004471514151479362,0.00042953158947050234,0.00015271916385125776,4.214203514913598e-05,3.449780518124364e-06
"Gambia, The",0.706605118772975,0.09716696516243113,0.005897800323149317,0.006697050550148222,0.008847187969900375,0.03821233812961226,0.05550967763215403,0.014411562471886893,0.0032967404388912496,0.0007498251662456064,0.0009260796189109029,0.04957220094732517,0.006270712779418782,0.0004293089570062667,0.0016561013182516979,0.0013908571316998068,0.0006599162469218551,0.0003227564663738705,0.0009934101391406913,1.6552195230382387e-07,0.0002763194581237177,4.492513594460155e-05,6.297966153628863e-05
Equatorial Guinea,0.46535275067215426,5.035861435353473e-06,0.02952830738798599,0.17347962538525424,0.001586338499912992,0.010191330531999023,0.009030468178207744,0.04039561681950818,0.0022847081410233613,0.03859048254372992,0.062126610079801504,0.06382761422833047,0.04718993776106325,0.016072145561421683,0.0012605426393352864,0.03258519375557998,0.005649568257575262,0.0003137701331264539,9.873292956871464e-05,0.0003373253275339609,4.904821320028673e-05,1.7600495523144714e-05,2.7246596728892427e-05
Greece,0.08866044593843618,0.004934308333248659,0.00010619659246945256,0.37396934925743236,0.007208436854344563,0.007773363293996104,0.006585157793346013,0.0018422813142024194,0.005724177245626262,0.23925281820288896,0.161971672232275,0.00014608610414543907,0.08463077157682035,1.431715769953388e-06,0.008154380355247287,0.0020316669928686255,0.0003733912029010066,0.0023150886998582394,0.003864018153539161,0.00041231734580594696,9.244969728388562e-06,6.9738990870993206e-06,2.642192596255325e-05
Grenada,0.12919489418604027,0.13901769709319414,3.748325604745007e-06,0.0066895414522869295,0.0026142630021612867,0.018262852767389523,0.0758642180448618,0.007706090833143481,0.015866898698216055,0.081156869361413,0.13156074706702853,0.0005931327894760687,0.0355734401628383,0.03387147246974931,0.011333559014219279,0.10177435458945158,0.005586140755529301,0.10005625392481507,0.0022677467400195857,0.07544222863677924,0.003954418314043579,0.019819665287435343,0.001789766484303643
Greenland,0.057872581490488156,0.3079177297088728,0.15736670344737522,0.007552791471792254,0.031554571734515056,0.0707244579875452,0.03218309554780533,0.00328451141818177,0.04166115611202102,0.005695908684045038,0.023326994800871068,0.03546420027927687,0.09728386953710293,0.060073900273191906,0.03866125592577139,0.00024664990757820306,0.0007100807655686456,0.004611458177326027,0.00021338844785319535,7.53394194918468e-05,0.019132618609957196,0.004330788226448395,5.594802692036345e-05
Guatemala,0.6566725460350343,0.046380197367784856,0.03975300638117011,0.006649367189765074,0.016221560706341,0.030763260371651814,0.0010186901938029139,0.009174220934314945,0.013692255636324617,0.08976787701709919,0.0018976844666285038,0.047890199172775066,0.0018683512080177789,0.022241682923577442,0.013660897693056832,0.00015196068249163306,0.00027492962833748635,3.273602919734783e-05,0.0017244986087669668,7.5068935615450825e-06,0.00013916257920103728,5.281253376832665e-06,1.212702772266728e-05
Guam,0.10177068661698319,0.16853489121115206,0.05821240261256491,0.0006021964518826236,0.009276176414091989,0.017023019103604185,0.006441961540822394,0.00761069503165908,0.0037270248240805558,0.035085794626788035,0.00545300591677753,0.09616769281894395,0.16443748142224243,0.01494435752930272,0.02245115385009501,0.27066108589916893,0.008626897098769366,0.0003767497251783767,0.00019157076335694497,0.005653357067363932,5.562803957559061e-06,0.0027315070112106884,1.4729660003469465e-05
Guyana,0.5989526987811983,0.08692963296106426,0.017142564762448416,0.03362206935580192,0.006494146713168059,0.07509522125887715,0.02650438846147137,0.02301706287354283,0.003113591302643231,0.006776012507625318,2.7757746408077234e-05,0.05596028987559398,0.018597376586574236,0.022126009403858116,0.0016699597758065069,0.00015566768216993261,0.0010161165380470065,0.0004619857029065358,0.02104273353419673,0.00021828359558864638,7.456395726445003e-06,9.422866582815815e-05,0.000974745519454923
"Hong Kong SAR, China",0.14559125157609384,0.15357731965693247,0.001681592942972363,0.12310541088649479,0.29849070055513566,0.03316395799886127,0.11319192061757088,0.09564784225288166,0.023059899465419437,0.0019279433038814876,2.992021946114767e-05,0.0016148857171266327,0.00024912103098248794,2.3642118845833248e-05,0.0020377964623352327,0.0008198723388304361,0.004172791825810857,7.521217962369333e-05,7.771228512692017e-06,0.00027044667628741694,0.0009885822723420807,0.0002094003508378857,6.271832275944672e-05
Honduras,0.6509192716618959,0.08699989590955418,0.0359590635921124,0.00841907050204658,0.06420711192871867,0.00352199611073864,0.0024371908588033866,0.003077093955866245,0.0012096192498486599,0.11630376889668749,0.001464976336228811,0.011673312653593037,0.0032798495159118654,0.0009107819382124022,0.00025163001051092414,0.0019178985724731081,0.0006776629346940346,0.0006670844381924368,0.0055294168758278145,0.0001462446230087778,0.00021020003520392407,0.00021516992100785112,1.6894788629663846e-06
Croatia,0.4533625543431233,0.10401476316758757,0.11364595257881842,0.19436825542394826,0.018006137947006538,0.0034577534243477545,0.007276218285203257,0.0032728601640699497,0.040165497702427055,0.002782711916775198,0.020911273425427125,0.000797930483937375,0.010445120955552131,0.0101789529030477,0.007842067611992054,2.0345331357687886e-05,0.00011913934177745977,0.00041708968493380807,0.006623642623811607,0.0008037923021006737,0.0012511584253792657,0.00021532112353438504,2.1460833841344355e-05
Haiti,0.4317901585055566,0.04666761858753112,0.042607035747177564,0.00448515457347424,0.2332781761365174,0.06822738968946668,0.004811192993536577,0.001060725745982765,7.318104174180542e-05,0.0001199599363409396,0.040497394945405135,0.06901087192196581,0.009836777917038821,0.03221319161588369,0.01308650259654238,7.77308883637078e-05,0.0006744740321854543,0.00011160838892390496,6.58893588133654e-05,9.992609996524739e-05,0.0007831121153543537,0.00041305024583391647,8.876916398416148e-06
Hungary,0.3581559127727625,0.12342400044874914,0.05430121883801551,0.0004863027238210595,0.04542034861111759,0.014057612226462101,0.12402720037050793,0.015114030340669547,0.04534740072480955,0.049882511216026194,0.02931127928716775,0.0009645593483873021,0.017407318379375893,0.035516193767292224,0.008438579750254655,0.002028747392459028,0.06648514788735217,0.001761422649742596,0.0005392582624239963,0.006483449196933449,0.00010482139196473724,0.0006097199507487866,0.0001329644629561343
Indonesia,0.5706508697411948,0.07564639359103834,0.03313301581976084,0.07723431177747048,0.05105419327841551,0.0033484615040181103,0.015568760683319404,0.0186480315839361,0.05472169659226304,0.02009160404146204,0.014762736578711903,0.02816750160435069,0.02257846671377424,0.00025883382164670167,0.001889784335562034,0.003551644705145201,6.720172136225581e-05,0.0012513954025173857,0.004992260042752738,0.002355918129514728,2.2284685004024283e-08,6.9634838218327545e-06,1.9932563276710622e-05
Isle of Man,0.06323875964349128,0.044763235053685776,0.002859182954345365,1.8862104164548413e-07,0.003198985946274004,0.010871804036511178,0.0032632305001981383,0.0009225241926778967,0.0033572150830539545,0.0523724189950231,0.036920225831123706,0.11454230724441414,0.0055020981994836765,0.0279931388323189,0.11801321086576702,0.04615764144351875,0.0017779152296151673,0.20792102864681022,4.237604387430204e-05,0.1126061563488637,0.0749961065721917,0.06824196567028701,0.00043828404542933195
India,0.15722222423167748,0.17543330575786042,0.2357449018750789,0.2506110922888554,0.05611311218826709,0.012671733871001107,0.004160775506983977,0.021576017286672758,2.9534414782428316e-05,0.00401095793422566,0.0027646425523841743,0.048905230291713474,0.009010009157446978,0.007338105689656899,0.0001227233935817533,0.0010042921510055938,9.051198596925176e-05,0.0017575979427454618,0.009107872556455402,0.0008847882245338123,0.0007592658637692586,0.0005297130379914627,0.00015159179734119716
Ireland,0.13473992103483612,0.06700386539795683,0.0042425076511839275,0.0005593891629112767,0.0023583163402557342,0.036822352682799,0.5617200321478801,0.031780217201307207,0.021562926632221088,0.01091678301381694,0.06705666828983935,0.05792396216621669,7.77426180740824e-05,0.0006094335720920895,0.0006159302073690102,0.00012247345955870853,5.501429441887867e-07,0.001739475232354695,1.1704165643486507e-05,6.787472557833166e-05,5.216262239629945e-05,4.4421817696664055e-06,1.1269350995168717e-05
Iceland,0.6500895173142268,0.1776509831945455,0.0010564130834369496,0.012223392888767276,0.0007161272529686979,0.04365703109789724,0.016083378560049853,6.610715566600667e-10,0.014865772879832715,0.0011282124430895403,0.018531140665001705,0.0018326788776017412,0.0006393193296533231,0.003411596004965762,0.04234544556162911,0.0006505168604598374,0.012228928243741177,0.00042327748348181996,4.88171110145627e-06,0.00015501372986358574,0.0022188164642750557,8.706107103835091e-05,4.946213008966847e-07
Israel,0.24469596525408144,0.0853582605619069,0.04611757727371042,0.09282730587163764,0.12464055313467388,0.02628540628441651,0.0005648589715266963,0.22106581225124405,0.005040004990144588,0.008133675883570656,0.00013550851535164835,0.0017119486453489065,0.00018738030788682865,0.009112749774888712,0.019805749231800826,0.01868746307492055,0.0650374855546115,0.024665027253074113,2.098226121372976e-05,0.0010151649492212954,0.0028514364059474663,0.002005929041855135,3.375450696661411e-05
Italy,0.010418037906717656,0.2111126937476264,0.11385619148724564,0.17387138815950262,0.2392233348652797,0.010829028892498217,0.0010722479522715603,0.021995239823319423,0.0006395978943054627,0.016671985199347508,0.0313925665664846,0.09402297314442667,0.006889737438219253,0.03350471497749089,2.6742440112235763e-06,0.000558204941013036,0.003476740615132214,0.0012478076388601008,0.02618416420204884,0.002355576485783133,0.0005400375594269669,0.00013229616073873998,2.760098250177766e-06
Jamaica,0.062200463466566006,0.2990148225350799,0.02260847314881286,0.28072984766804493,0.0023485180062304037,0.05353665336416122,0.0056719743950146605,0.07963748137040354,0.003189365745509383,0.031276575053009445,0.030313718816850188,0.009960103912771238,0.00016219695493207407,0.005290395276683633,0.1018557289675995,0.0020163104668474703,0.0023934861083683323,0.005750913687602371,7.497306914754113e-05,0.0010894818681588953,0.0006571063910716593,0.00020682356758194167,1.4586159553055583e-05
Jordan,0.09705897108723512,0.01186945618772163,0.01777850197163426,0.01495923083996592,0.010445079140919163,0.05204940836263887,0.07937115617927082,0.14772482045963825,0.30388077782060685,0.2086719270803657,0.003940155966184959,0.0009658363498205613,0.01050528169478563,0.03249222743295383,3.0177147126099978e-05,0.0023966406141211214,0.003722515697945048,9.899363016326594e-05,0.0005864207729668701,0.00022079399225509563,6.594833054976431e-06,0.0010916227233215602,0.00013341001530421505
Japan,0.15378681368325156,0.45380729216552895,0.0022486213149243038,0.10246694054383226,0.010512449964598547,0.04323037799561766,0.03358440633360687,0.03935060949590543,0.010534304585071133,0.03167185813071075,0.006243537218510926,0.018019917594331095,0.01182533108875139,0.022826466574853363,0.01592505326057084,0.0004900955028048856,0.029339567969528493,0.00421514025749075,0.005897955016863995,0.0006937014252786095,0.001519512827674623,0.001808685744146848,1.3613061465548545e-06
Kazakhstan,0.033707352678478,0.12841690121436905,0.08994031483304782,0.28780309004597,0.06573132290484494,0.0030205676925657014,0.02320764586471537,0.08384718831973229,0.1833425006418527,0.022866982517411323,0.010067946602100903,0.010696809912472769,0.003504720590262183,0.021556592580473027,0.0010111498739485561,0.021846951553139354,0.005170451652168492,3.932306037756912e-05,0.0014878098664434173,4.745397244332001e-06,0.0019684660829727384,0.0006449533864150083,0.00011621272899466187
Kenya,0.5176089901207421,0.04456713975125685,0.060900153656690194,0.1193369635943662,0.07603413176736248,0.005184296834147016,0.00012762423995986977,0.023036180348719272,0.06804790659740524,3.2915594454807777e-06,0.007011660863921181,0.0015756382974653328,0.006996498284004517,0.0058296147834200635,0.03686842326291555,0.021268535897458547,0.0033058859990249285,0.0007064065955733019,0.00043408774765610407,0.0009015769880045614,2.684682621007908e-05,3.6081039930063403e-06,0.00022453788025815795
Kyrgyz Republic,0.03680758938793585,0.004767448278013613,0.23823465708392422,0.07862726661457865,0.25161322032240635,0.11404546898250732,0.024987628684863292,0.0006626628731540304,0.022569191783312504,2.5729180008043933e-05,0.0008391367304023153,0.1460597368903521,0.012345509656514004,0.005851570654683637,0.04788686682828579,0.007089332465151706,0.00042277224695639974,0.0005494906751133493,0.004331209998800263,0.0018261970513088267,0.00015824226446811771,0.00024388796003031529,5.518338722932312e-05
Cambodia,0.20489334086071145,0.017267535426955624,0.1485620990578541,0.3746681432447419,0.10240545450728786,0.04226174130950125,0.004068136332586771,0.0066861950552475095,0.006762689934953528,0.004840359383629863,0.035217364554130215,0.021006459379684463,0.02193132689310659,0.001821488763430027,0.0013650209370041023,0.0010376594713416537,0.0027945483908597387,0.0003127843732960629,0.0014758606945048957,4.384438332514422e-05,0.00018696939062200788,0.00033144063524355753,5.9537019981630346e-05
Kiribati,0.15888601421496087,0.0008531605177914232,5.950434804347633e-06,0.01620814411283222,0.011596362837904772,0.44154500777596417,0.0003156186005669015,0.02882093619855182,0.22121911756800797,0.01006498074404662,0.02266960120056393,0.04822773548866201,0.014253789258686419,0.0013548160582954848,0.015132029858496848,0.0007680439736314535,0.0032035813283277704,0.00029499058761378415,0.0034655499948104485,0.00040718959749481395,0.0005812638244746817,7.026407864849072e-06,0.00011908941564642712
St. Kitts and Nevis,0.0470338932653705,0.08097307959782982,0.026697627685340137,0.06047580026022778,0.01373139504370376,0.10051127090384361,0.1061596634097679,0.0009975299807802292,0.07750810652199368,0.0018108622818115508,0.186804396466035,0.050472230303388904,0.049485348184574826,0.016961660219912793,0.01167835320763055,0.07036054035824785,0.023351050123254842,0.0041224029798095285,0.007822434577225645,0.03264554046022564,0.0212460399392984,0.005824300533954593,0.003326473695772498
"Korea, Rep.",0.09585013534060217,0.4302472100560293,0.017768595553268218,0.04175406320145742,0.08608047997310814,0.007646693827399743,0.11044014564262261,0.030855263939798133,0.0069606458582194344,0.0012692501236174758,0.06019875539010453,0.004973229272633531,0.025272411449223892,0.004606881083806778,0.014785978642132271,0.011744679134109268,0.021114937543886797,0.00651015135073105,0.0005735924021077699,0.002399471204992286,0.016008073968585855,0.0029344771243794664,4.877917183750601e-06
Kuwait,0.07488521358564879,0.062123850494043745,0.08568516503376353,0.003940843500722912,0.04548779314146372,0.15259234361784016,0.010676354427202982,0.03689953493803354,0.0017599914377510945,0.11410752996668555,0.00619740683362459,0.05023785939866921,0.15239728843904826,0.0015447894009952875,0.008647831438530238,0.18768605171289587,0.0004437375774252749,0.0011042475737287924,0.0020026229114374562,0.0015149492639225156,6.183652740806783e-05,8.117339239082451e-07,1.947045234476593e-06
Lao PDR,0.5284207027349713,0.0414163369152688,0.054285752154546646,0.2612347638754269,0.013507738598209912,0.00014204669298335028,0.0036763044335261625,0.015587892688769842,0.0012817642790867694,0.02829222532428985,0.0004062379896258073,0.0345297833450749,0.0034438413888593423,0.004918648955932952,0.007637422540620324,1.0335303960027423e-05,0.00017537659716139188,0.00042313315586931205,0.0001858955384018404,0.00027848253317113255,0.00013944698403726605,2.1450422889583774e-06,3.7229279173540495e-06
Lebanon,0.009468496431799266,0.03307952704020169,0.017709585403998664,0.00031571966622342604,0.04428627510666624,0.5467794835898205,0.0040251574847579115,0.06258523386668091,0.031654458126150364,0.022784346344033916,0.05663025652840005,0.0007898190006566049,0.08081546531664795,0.02659159419346961,0.0002839341853700703,0.0329440783971056,0.021462682709476655,0.003588640872636704,1.9925137545703278e-05,0.0015690788434571494,0.002150521589617146,0.00016754337392844933,0.00029817679135560646
St. Lucia,0.29430544798221203,0.007056250946896276,0.09181070739920957,0.027928698430676347,0.0024392563992585484,0.02388902416016294,0.06787314405227562,0.1765091280662326,0.03705975827071876,0.08231036045607087,0.03922028039816346,2.121996768971963e-07,0.04236545591914247,4.690138495800184e-06,0.017293095732169365,0.05587246478959809,0.00024704228422810795,5.839927291193488e-05,0.01171331354813036,0.00396972460076944,0.017181302805217354,6.167771012335881e-06,0.0008860743767707791
Liechtenstein,0.10605781122343663,0.18053505477070547,0.10093591786714844,0.006877162164416748,0.0007521233398924134,0.2495865234939674,0.00172542428321067,0.01642370101753635,0.02081189993616386,0.0007758910477082196,0.171530352872711,0.00590886556049688,0.08234063226394443,0.004466368822970819,0.032485681966455356,0.010335839385003988,0.00039582361119064807,0.0006803364321707013,4.011937438298477e-06,0.0007769648230674279,0.0018177824441108956,0.004027509303660739,0.0007483214325924943
Sri Lanka,0.007895914402922767,0.15583620535342224,0.16879459780153047,0.21983699046271177,0.041991194775349024,0.17175720313505471,0.05835980957260264,0.00424514105871217,0.05665840292053624,0.03884932802612052,0.0009545748459987727,0.0015445301752077644,0.00021262563510322354,0.011737993996675161,0.02301795751471874,0.015296036924486472,0.0001292190619928621,0.012533816074336589,0.008947494197253861,0.0011106687783845742,0.0002806868078730328,4.764825455179707e-07,9.131996460860468e-06
Lesotho,0.2207268591005441,0.041558364445540015,0.037496825521491764,0.2882228589428051,0.00996566646390883,0.3110519460231736,0.0006401978988000974,0.008069959586306337,0.014858802311465186,0.0006347714801306202,0.04184226509159928,0.006255693473164436,0.002737279752678443,0.002564777329830478,0.01202426087648032,0.00015608287535080797,6.503633381150006e-06,0.00010624351505997894,0.000700815103968009,3.437256461797231e-06,0.000304864545580863,6.156429615486197e-05,9.960476124068988e-06
Lithuania,0.5209401645941046,0.0017719527853525558,0.05603943555800651,0.0006047089661661066,0.165689655859163,0.03693861403748866,0.11559821813569456,0.05803518765124837,1.2708324408532065e-06,0.0005079782022595587,0.0001958670240376762,0.007960661730319103,0.0009663576246939277,0.008342806263625803,0.0018555900966625329,0.00015390153928474874,0.004079117343098859,0.008628851407045451,0.008051444934534913,0.0009022762232985088,0.0012291182175397384,0.001500461354366483,6.359619567569997e-06
Luxembourg,0.3210401574536348,0.11745133777919191,0.07568859525752841,0.004490633438999431,0.002939330235821264,1.1065482084858379e-06,0.38507013146766955,0.07004569542140665,0.005706601971088014,0.0025093051893224005,7.200490028176271e-05,0.0009979039696404101,0.0013775706071689092,0.0024546565977069997,0.001600344785886664,8.195661641410894e-05,0.00163251342176657,0.0058692943419072045,0.00013282704568062508,0.0004404521090080636,0.00032301437131087814,2.460043569533979e-07,7.432046600006507e-05
Latvia,0.5650419206496932,0.007492406129815524,0.034029606717181145,0.0003319789313962847,0.15781854333803616,0.03134627293176615,0.13065418063464604,0.022094769359884935,0.00155435485276627,7.030682651708523e-05,0.00016341532711476833,0.016669488135292676,0.002485224283254576,0.00019439902253423462,0.008275714012501026,3.636953853994833e-05,0.002007905759984282,0.006140418895262325,0.010407387417241107,0.001050864497007052,0.0009712121929478148,0.0010346639952616237,0.0001285965513560438
"Macao SAR, China",0.02359831948880735,0.265317010922834,0.08612397448876469,0.014129998949537434,0.0012825712399428327,0.4464855686788019,0.001058041864697058,0.003221130132843544,0.01296630369061285,0.019192470953781956,0.00011591964578080847,0.005029629947073593,0.08259454053034837,0.0036358992518988782,0.022000659077610295,0.008086916023788304,0.0014082088158226067,9.29152257581709e-06,0.0004443365064282273,0.001184759391813097,0.0013699498344935245,0.0007130627500252735,3.143629171770174e-05
Morocco,0.2452706611359997,0.08342603049341074,0.0014467342544849382,0.11204446277943345,0.13484254322067615,0.0002990580373111785,0.014086852355112093,0.022874997036354733,0.013607547950802223,0.003489883939120462,0.01788149350468241,0.009747384597571237,0.18614108457644557,0.04783556735124729,0.05005369346825001,0.03709234395040884,0.00019186909656271207,0.0020053956868502153,0.003016207712444849,0.013458722356543844,0.0011282172099437132,8.354004109342586e-06,5.089528223436066e-05
Monaco,0.27199835329469874,0.014265350932753646,0.05527738201688699,0.0031179470202831864,0.0002843735168748344,0.23778112671578783,0.003733048592858792,0.02432869422438292,0.03592177169948495,0.00027477560293704317,0.20591226337530658,0.00912767945813828,0.12265578278138947,0.0035096337243400552,0.00011103224526878367,0.000924496382018473,0.0001217530416023851,0.004168741110686986,0.0006574682120811662,2.1005303861167127e-05,0.0014977844084132891,0.0040733878033178145,0.00023614853662688742
Moldova,0.2710221734803129,0.11909804767452986,0.16766711450181399,0.030848021853143528,0.10065392643079671,0.03565435178177796,0.0036191794730613368,0.02528191497133121,0.03755187590170958,0.043653417371358784,0.024985103803472207,0.08552339922501524,0.0011318002754600958,0.013971724795148065,0.016117432890175896,0.0134503933845333,0.0001201796008473417,0.0014763741306414236,0.0004773790378909393,0.005714751528776631,0.001391181713562711,0.0005652319276436348,2.5024246996761165e-05
Madagascar,0.54364611640514,0.041856807964673684,0.002987916968328862,0.15531183924824835,0.008513257948369076,0.0014654574242940472,2.3804693196382983e-05,0.1403475835839527,2.117365827109325e-06,0.02006115802785262,0.0009336286703963382,0.058768684703951496,0.0003220117758996803,0.016957864654333316,0.003321218097418192,0.0012051913014276923,0.0021519697270696797,2.712076993892487e-07,0.001550277474750203,6.789800440381644e-05,0.0003352081323473356,0.00016863451207417126,1.0821083458013189e-06
Maldives,0.14975153774274974,0.05707653940089508,0.021689569412549976,0.03147024794263185,0.007916739128951543,0.003370314661569371,5.2120059883801526e-05,0.10323230992303788,0.09732681185183008,0.038012382643325245,0.15391912189518006,0.015478104129615824,0.27383316874468683,0.0010016984380177235,0.014546602373375824,0.001938756479366199,0.0018062648290646532,2.090050741138092e-06,0.00898235351152013,0.0034960517156761473,0.003726098347659864,0.010186251065455263,0.0011848656522156873
Mexico,0.3729867948768712,0.0019070674881608075,0.04857784009574606,0.0008887716319157855,0.17296051291595216,0.016829868255229544,6.421888177611152e-05,0.27750890857956656,0.0009348739017798569,0.0048890935067292425,0.0020512119904244953,0.024023334378258484,0.016768851635776048,0.03220444695324999,0.00497441736403229,0.001592345369572832,0.000646927478806376,0.001040568184326073,0.013067994195145649,0.0007216691242236901,0.0036033981472345126,0.0015684889129511607,0.0001883961322710009
"Macedonia, FYR",0.29228404661405666,0.3049674180461882,0.09277208081177729,0.18027786825806816,0.03238107474942012,0.005216906314267882,0.00020076940343611552,0.02088421872497645,0.026514655600606146,0.001667700405870145,0.004956603926893174,9.062402433032681e-05,0.0017171830544033206,0.0002197735643878419,0.006963281270199178,0.0018014800164068306,0.00010535319274016148,0.009396801099443026,0.0016588383242719259,0.013817754066021034,0.0011196417846157103,0.00047535945686752175,0.0005105672907529057
Mali,0.4660309536281329,0.04768885288185652,0.05976127859106347,0.10245056523651673,0.18756359146273677,0.012898113642783156,0.046454229098367696,0.021914390732714843,0.020279254123097182,0.006765091235458956,0.010160322256001102,0.006708047776724735,0.0002026339300907942,0.0002894942099649103,0.006240491289469327,0.0009426446528733767,0.0017709268176189185,0.00016819368145349947,0.0010992100119896163,0.000350902156508826,9.459688086355625e-05,0.00013218073137918622,3.4034972333852404e-05
Malta,0.3934013733237514,0.002030896389508469,0.011457330494888599,0.05234589971666188,0.010334017382476877,0.053521977505688066,0.004472741488325752,0.06728931343565991,0.22067916329390777,0.14040056334175796,0.011570982062267223,6.402115332455666e-07,0.005004228593397914,0.0008814004461708175,0.00443424063144294,0.016684145297894196,0.0030450226699834664,0.0019196375293670672,0.0001563369362288639,0.00015708059936140023,2.587201000011518e-06,0.00011422515913442479,9.61962895918146e-05
Myanmar,0.4926703565698006,0.033287433699132174,0.016353473661365015,0.2161682458990093,0.0035202159689324097,0.07245081671846797,0.02298088099934508,0.05520033541008034,0.003918991953894639,0.0003806936437622589,0.007631609956849725,0.048961345449563896,0.0005714718424055189,0.007977829011477434,0.0031051108755370967,4.701000131506363e-05,0.003448453251187681,0.00031710890723478646,0.0018402539827488606,0.0018764115593930752,0.005373588242110151,0.0019038942175515646,1.4468178835393996e-05
Montenegro,0.32552973683560243,0.17456748547413659,0.23792025788175464,0.15093970422480496,0.04513782449860235,3.852275223318515e-05,0.001298315088836916,0.005204885267285265,0.0452097028493623,0.00042129112628085076,0.0006692068749795376,0.0008921024738547408,0.0009034440283744543,0.0006449959287457416,0.005285215389579771,0.0022056312110871326,0.0001258959175167806,0.00039802515256810516,0.0013462853701923946,0.0002145930810045245,0.0006120157046132633,0.0001634452818637211,0.00027141758672035566
Mongolia,0.05840487509160147,0.010752229953551112,0.1710912280758621,0.315903840479634,0.014694169415412052,0.043916268194417504,0.009442162281030566,0.1227965584939087,2.0069479298012348e-09,0.037994701531452756,0.05344790867463095,0.029901878373744323,0.10067979656270795,0.01067502035826665,0.01242222836335113,0.0004088601020054775,0.0034090319603318105,0.0003390051464429879,0.0001968745983365149,0.0002932169557290726,0.0014929861072915031,0.0008237715011323415,0.0009133857722110023
Mozambique,0.438179674463357,0.07929642035434419,0.00011068062921225667,0.09605483736503737,8.13858328167868e-05,0.13262890409198844,0.028717196161316013,0.0019442806751881912,0.001980147729186106,0.14588022850878787,0.02840678042365221,0.015112409162289762,0.004419299024806859,0.011060701022658471,0.015411144473279886,0.00018865968297498924,0.00023749762676819288,1.1910470078657382e-05,1.1823912569104687e-06,0.00014256919218203726,3.805583426825788e-05,1.7292780870359083e-05,7.874210367939329e-05
Mauritania,0.16609626298341354,0.03941952975990146,0.04223064225130083,0.01925215368850787,0.05857369569026502,0.03518224107802552,0.011880684520835358,0.10825463640623487,0.020160530484936528,0.4222896011829845,0.002592830564313696,0.017010753793806867,0.0021296075017255382,0.030230966826715583,0.02090867548521037,0.001501890391903247,7.629372201298242e-05,0.00040623922477191476,0.0012364057880719177,1.268425469223039e-06,0.00035700365277049656,0.00014069066769124326,6.739590913142725e-05
Mauritius,0.015010461134029348,0.03594592357463725,0.169855762448066,0.03402684121225963,0.10017614835655365,0.01059898869774849,0.0631737552130346,0.016547456465244234,0.1633820615418775,0.005453359736684163,0.0004288137725351075,0.22778313859978533,0.004569295746833197,0.07127250591741717,0.0021422238016521517,0.06722681366406842,2.2274611634061812e-05,0.00011921412102261883,0.006241025867630327,0.0016472208718364967,0.002743818759407891,0.0006640052839146516,0.0009688906021275626
Malawi,0.6668971952014083,0.08453677788650418,0.00242847826733913,0.0005376028157481961,0.00036055567821021724,0.06772649431574568,0.03570080986607293,0.005818408059022929,0.047722349523095016,0.008811557588692202,0.06124784207945077,0.007341983843787793,0.00014395362182995276,1.912595648565744e-05,0.003219440687583142,0.005325599421941213,0.0007337868802467191,0.00105635084950978,0.00010059142531875087,4.233044132859214e-07,0.00018131513388844003,1.6020544073903073e-05,7.333704963190483e-05
Malaysia,0.013507042323600877,0.043280579791019236,0.04154553566884705,0.0016760670038665731,0.07406036970702533,0.01111746793058979,0.01344738793613844,0.5942764067928882,0.12388334907684552,0.0007323808992261406,0.015591441639350882,0.002826905873477141,0.04110038629920928,0.00507207657626066,0.00921438247663784,0.00467239337853532,0.00042730784792840905,0.00016116897046553267,0.0032580388189106285,1.7338643658749995e-06,1.89493427016047e-05,4.8475457507972376e-05,8.015232460195752e-05
Namibia,0.37726234590582236,0.051695268496028596,0.0786842478815958,0.22056837191668932,0.062476739955161086,0.13788135990662792,0.0009364970501750626,0.02488854736374792,3.330137382929098e-05,0.0024524942147701487,0.02729043049711361,0.0008874263290978093,0.00022636571130265514,2.2226069418034023e-07,0.002172954153247608,5.4113677501923976e-05,0.0002613322951445588,0.0008053300760306066,0.010613558575882887,0.0006941696559976258,1.6223904364720088e-05,2.1832886340821064e-05,7.68659128334314e-05
New Caledonia,0.028073838292314413,0.1822160958560913,0.20489005407610406,0.06515088731794871,0.14708170348145935,0.03057143967727738,0.0528234521404195,0.006015216897621798,0.1798658396083574,0.05143517275624303,0.00660787804532065,0.008104584480423688,5.351686125526258e-06,0.002894904084342075,0.023054200589438502,0.00755314817130117,0.0004498965663980789,0.00032384642559373514,9.728527869158099e-05,5.3269085560792366e-05,0.002099820552750885,0.0005112648242164117,0.00012085010599994746
Niger,0.1382567859636862,0.00024002129829197135,0.015316264278451112,0.09413251097329448,0.029458108414166156,0.20376124637081813,0.026812400115972964,0.20702890016534128,0.2122494698959199,0.007394176910296892,0.044788086223111985,0.016003561846009293,0.0014074670225275225,0.0007069948163249038,0.0011998927801923982,0.000122791130209641,1.720892357873063e-06,8.174374910859249e-05,0.0008571426836319008,6.79076195333275e-05,1.8973200542948902e-05,8.873270897647836e-05,5.100941233997109e-06
Nigeria,0.6654830505580023,0.030603682531713812,0.012328574574173218,0.006809247494286448,0.00014954615225351722,0.08710595889398118,0.012728421674937962,0.011311407980610942,0.005006640378511074,0.0017600566863715658,0.0008606764315015497,0.019966478239991713,0.1037198431856143,0.007929666932241407,0.008453676061462419,0.015982203683805072,0.0005609116023926547,0.0003893611139646677,0.006966452712173632,0.0006141519586169786,0.0007586617449321694,0.00038418417814403173,0.00012714523031765807
Nicaragua,0.6800480755235497,0.1170728039047708,0.0003242250697704128,0.00024374999361871522,0.03449833894130712,0.016180349687522164,0.0007138085135768884,0.01639382116560719,0.03919314555008569,0.020836265973690277,0.0220330544680311,0.007240997772782018,0.037857706024368436,0.004533452012578967,2.5945391388397362e-05,0.0010395538371814992,8.885004565745089e-05,0.0001733359849061145,7.832650364157391e-06,0.0009666992186531764,0.0002826903491583292,0.00011759797595988931,0.00012769994547173302
Netherlands,0.5732969867719006,0.3043328679825525,0.00715322818073776,0.0018018733016055555,0.012731537870375238,0.03709224364054161,0.024657576387073138,0.012563981556159412,8.15086386063713e-05,0.0032804363678614287,0.009733540055283126,0.0014117306528612335,0.0019726995157158273,0.0031419009412031918,4.043287828508516e-05,0.0015033176567058844,0.0022218293401230706,0.00151545518327585,0.0004131022569445903,0.0006626782745730348,0.0001855545115578643,9.863104444559725e-06,0.00019565493161349945
Norway,0.6155891507048223,0.1478813864984089,0.010245266762490747,0.0011567915344322457,0.029562481893660987,0.028060045384312837,0.0008151487760529775,0.005005148339151448,0.022972644279369576,0.0056620942028679224,0.0285386520995464,0.053965965025910875,0.004758348780089022,0.0006496989919387945,0.018920499684632632,0.0028886974254609577,0.00787115735589581,0.012679451407390479,0.00015733527425459463,0.002419003571227741,5.757423683968929e-05,0.00014343581115956646,2.196008339072827e-08
Nepal,0.1650425670199164,0.09716582586267078,0.14185987205063028,0.2193297929799464,0.1812052724235538,0.011813598897721888,0.03245868723966008,0.008172501796783858,0.05569465660665071,0.029175723419941353,0.026602415281398083,0.0001001537140124799,0.00025506637653255776,0.01055925141468561,0.011418615923398686,0.0021723511417272856,0.0031517079996155163,0.0029590034485378596,0.00025528481430315625,1.8148566714123952e-05,0.0003685621652257248,7.286452750674909e-06,0.0002136544036227973
New Zealand,0.555523112097508,0.06946758879940457,0.004582715877142279,0.06826696083563288,0.012638508844807796,0.017310428458041028,0.017471580832137273,0.09080344545442287,0.028226704548203443,0.017378277201598045,0.00015866638853796584,0.062402015350632375,0.0002438760151578355,0.026818835402220954,0.008181974605874323,0.010091187456714414,0.0002628419736166699,0.0022238429774268952,0.005054569206461072,0.0016691281817735896,0.00024596005000181674,4.1013674013946966e-05,0.0009367657686700829
Oman,0.1602071461783684,0.04544045181569849,0.10767948205181449,0.03057973131259473,0.123955030197472,0.0005290412516119913,0.03514534889245205,0.052516379983726005,0.012047696363472726,0.09188442756666315,0.0004893905663965273,0.0526014170633741,0.14860316102414564,0.006284942659436846,0.007093304200165026,0.08556706205081538,0.03522280894807414,4.9326581863157023e-05,9.633191742619679e-05,0.00034584265715921936,0.0023249042157982747,0.0012855254680323213,5.12470334390408e-05
Pakistan,0.05143747435597619,0.21515331916115435,0.2798951938413115,0.2098936708339207,0.09695346186388654,0.0606432094431895,0.024157379428517596,0.00021900783882383885,0.0018181119764871425,0.0069944617054821375,0.014716926735512321,0.01743661456719206,0.0014066744713681022,0.00292590747671359,0.0007153192235968954,0.009259073711796245,0.0003255285875953408,0.0008832110457901292,0.0036468386119968064,3.791286779412923e-05,0.00016288019183157115,0.0010000617059663195,0.0003177603540968926
Panama,0.2962289311561812,0.008438017991463232,0.09573383540022568,0.01785997654317746,0.16834434954403943,0.2322689512699218,0.015504848772712803,0.03732778158288003,0.06811877885491174,0.009217700902857218,0.012832046766225761,0.01688563140166186,0.0023215460829498764,0.002130518779884688,0.011295696276114982,2.5248900494718356e-05,2.7959832488251092e-05,0.0002742089363987615,0.0047785055496364056,2.577972259110148e-06,0.0003662063324993696,2.574526663481098e-08,1.6655405748764867e-05
Peru,0.5030932005918083,0.01480067451660405,0.013660334277112204,0.003763819803610652,0.04325184970113302,0.17810886078907728,0.012456552937890653,0.13034771871184836,0.04189064274472091,0.0009676166004266981,0.03781141813330182,0.000256242674441005,1.4135785052222402e-06,0.00024712341349675753,0.000585449504859108,0.0002070130401057898,0.003533804811279405,0.0003159812410459985,0.01368704685165849,8.393367569610193e-05,0.0005237525382217609,0.00039076729169088784,1.4782571465555502e-05
Philippines,0.0027194050351068305,0.014844952571874431,0.02770774370987053,0.042433000870669105,0.05521643508956023,0.0005874806373069836,0.04085475935594438,0.4637920830245921,0.218835645684472,0.09543142762976102,0.0037177185463127486,1.26199386334187e-05,0.0033686172990693665,0.002156840484097679,0.026349256253461982,0.00015462170653770337,0.00011821757553692682,0.00020327224044104238,0.0007624803588929308,0.00026755465231461935,0.0004020365605209495,5.9060269180680316e-05,4.770505842492306e-06
Palau,0.054744561012209834,0.12146537111164987,0.007289820708501568,0.019013037521502282,0.0027613439260784317,0.31597999881213096,0.0049950428177581935,0.249543284808163,4.603768420653685e-05,0.006650567761641525,0.0018676271433074143,0.08959450579691572,0.018039145465083017,0.013419044729384115,0.0001848744170006878,0.04095616758321985,0.005034621848853905,0.006854252740956254,0.0012855159453347587,0.03613058276968696,0.0010657078203724156,0.0009485355061657583,0.0021303520698767718
Papua New Guinea,0.5327399747635857,0.022073544914623072,0.006382097070933319,0.0004608893060909074,0.00264235879752032,0.09345523836501576,0.016044286418112428,0.05792240215944859,0.11681183601430813,0.06430133595564463,2.2171733367089505e-06,0.0004576994252618278,0.03296036984488439,0.0373348995390943,6.601099651474655e-05,0.0011775840307892747,3.3272871351806724e-05,0.00026448726631226726,0.012619783302396562,0.0006957350034472857,0.0008795564299095822,0.0005052846151918119,0.0001691357362268092
Poland,0.27650378212091814,0.13834436868087183,0.03436584608256812,0.004116933425187353,0.22390041093760005,0.004535152475846366,0.10401687825339123,0.0002459107699747944,0.004465271612174054,0.00014807682500271008,0.15704006402623355,0.01102235877366218,0.0009961390260527097,0.0008187736733357289,0.003136880990367256,0.006925820669101715,0.020680129191474165,7.619743776223594e-05,0.0022823994393102666,0.005800878822662467,0.00015408864199228781,0.0002770034929917377,0.00014663463151919225
Puerto Rico,0.012746440890890541,0.18463896373703545,0.08114160024387397,0.29355146439746627,0.05085084687794168,0.0004082601924108199,0.02160003038003671,0.04926009248656486,0.010152296442137339,0.052666023959364205,0.07252732324603252,0.1017583214798304,0.022014979338460982,0.00048550125296088835,0.009101881061732884,0.026889042829321926,0.004707627642727522,0.00017503690081757838,0.005268740093929251,3.942697704728311e-05,8.097057790657821e-07,1.4444094000738885e-05,8.457696372601574e-07
Portugal,0.4259966080485589,0.030366165242647455,0.0026715421361878373,0.2582193516096837,0.008141348984909303,0.003973777890187585,0.051782673843438404,0.036973292397821864,0.014771707152959763,0.004228664760796801,0.03971567299937148,0.006994981166935207,0.008648558446283832,0.009627724997233316,0.0014669612285381389,0.015677141650282073,0.05857568057307102,0.014123086148248308,1.1593840927997024e-05,0.002545041433536874,0.0009255355438143966,0.004562239450082792,6.504544830346407e-07
Paraguay,0.5541429590048152,0.0199808360252889,0.09468553073418665,0.02744731382492123,0.11656440671560996,0.01552197337137506,0.003026525104468354,0.07454369870297403,0.020454258329131253,0.04002433683404521,0.004722141913749807,0.001258277435916024,0.0047477458400353575,0.0030172621987693406,0.010889779879018405,0.004527665841422177,0.0035271037002991617,0.0006973906669625831,0.00013672042547554236,5.2460572507240667e-05,1.4145896249663518e-07,3.016959027951345e-05,1.3018297863687152e-06
French Polynesia,0.09751965500621872,0.20557043814855647,0.12230247086640114,0.008796448476204031,0.05589614317438371,0.014258727901410605,0.17388495676837584,0.02665175884518339,0.22084445613871717,0.02818895587685785,0.007147687398985694,0.004929850339634468,0.021121301700212782,0.00010528646977532972,0.006299190906849711,0.003767114642685714,4.0687562026399065e-05,0.0019095058038484719,0.00039186010674728094,1.9180830076292e-05,2.575557456946356e-07,0.0003316973929495281,2.2368088153779805e-05
Qatar,0.021669788595075252,0.0945918210344451,0.030305281386341084,0.033274523357556984,0.003743123673906256,0.3777491941573576,0.049265514583373034,0.025305521856311998,0.08981012048921302,0.0013845796401568088,0.1489735986317834,0.012482056855261043,0.021607652650366283,0.021804317728253187,0.006143134361459225,0.05053876729622061,0.0038262737783247213,0.0015085598296037319,0.0005250277761107195,0.00477673024256566,0.0006614316236653037,5.231527777613862e-06,4.774892487146014e-05
Romania,0.35012684248992065,0.000632765205522421,0.15070285700685607,0.14149778899741342,0.03357838549005248,0.012282498112464253,0.11273614671398305,0.11938507782941918,8.730581342443387e-05,0.00029458387558365225,0.0009401027765045758,0.017428225904433384,2.346130002919537e-05,0.0003343279367650211,0.005384879328025138,0.0036217567438120634,0.04806003752315553,0.00013422151018216338,0.001490986501429352,0.0003915500548463326,1.4297407737283543e-07,0.0008654543267762737,6.015853239562798e-07
Russian Federation,0.32104033101355467,0.031858694053211935,0.06313959692983447,0.0013242670665800668,0.25140928204996776,0.010369484278236153,0.005784336095208159,0.08815372267782483,0.09340064216352681,0.0006624826611166314,0.06899917594529857,0.022739270075942463,0.004048941204177763,0.0027952161253139768,0.0015076901809102782,0.015035609654069368,0.015386099948585466,0.0016136534352223823,1.68742530714779e-05,6.676628749337597e-09,0.0003935654317071843,0.00025686332237638386,6.419475763442587e-05
Rwanda,0.6222910048592442,0.05990313001084481,0.0023610181997174126,0.05185779483140424,0.05673005540084585,0.009939448458905696,0.006124897555391693,0.004614337808426669,0.02670151023398563,0.12503252467831233,0.010703060533841626,0.011787856768542281,0.00026070402100942435,6.176868265766043e-11,0.00087953493596707,0.0005791715681486041,0.0014301312057299243,0.0001378181308730188,0.007398995911256098,0.0009007221116812674,0.00021930970658918898,0.0001214829790952929,2.5490028419076667e-05
Saudi Arabia,0.0004906475528497612,0.051831573689963925,4.425539348709827e-05,0.001772230459623868,0.0006979989803220619,0.12951566371299453,0.06204214223563192,0.25840323898693374,0.36469308716727566,0.08124510895438611,0.010864082705366816,0.01512266382677236,0.0005461037970924247,0.013877806985881598,0.0029749886809335175,0.0011008861416383566,1.735577706998072e-06,0.0018062869324568123,0.0025087004235008078,0.0002815446841231562,2.093478745674843e-05,0.00015741744078916477,9.008828124510437e-07
Senegal,0.6101001941424902,0.09327449615156624,0.000986805760944372,2.6463005667943976e-05,0.017318469290436806,0.043021855647088623,0.008819063552185572,0.05004903641021768,0.025097433457180223,0.03057222396173528,0.007670966559062089,0.06623057167021372,2.1712640275628454e-05,0.0191650715882203,0.017743954022998255,6.595915159007465e-05,0.003629237634599553,0.002007139059405121,0.0028009352317982282,0.0009454369849498214,0.0003294846781036073,0.00011514042161607954,8.348977654639465e-06
Singapore,0.2672927027292268,0.12691473394664318,0.006536583244902153,0.15893143434441195,0.3656058623598575,0.03116373488534896,0.0035355533527796136,0.0055389126048719945,0.0017541732414904183,0.016773510252244873,0.0024495794166597843,0.001309227813138071,0.0009874182828476324,0.008926466782355884,6.641360254313346e-05,0.0005200109689439883,0.0002930719721746031,0.0007663564036427593,0.0003313827161604723,3.8461711169121615e-05,0.00012325410479240858,9.910616632086334e-05,4.204909747387467e-05
Sierra Leone,0.26249121125066466,7.106039952096418e-05,0.07050471823825143,0.302330537651902,0.06817412628472455,0.0015127532477737455,0.0007872040209085812,0.042169490849600116,0.04561402854237688,9.471992621936309e-05,0.03560406405276056,0.02982701918280974,0.05031771674346743,0.030264519714975287,0.00683476590023912,0.04849596887719959,0.0001645821662609731,0.0012162552288949376,0.0003186670373539555,3.2764799260460096e-05,0.0024810322306190865,0.0006856777703508375,7.115883865533707e-06
El Salvador,0.5462246845736888,0.08725609274074024,0.0007889000268461346,0.0030387807612017497,0.012196150976189465,0.0034243803361269495,0.038046291927161906,0.07711958645224957,0.0819378640733075,0.10085970581826649,0.01099937736596403,0.008359004773078937,0.0035081407737030394,0.0145799748190068,2.3713954771051355e-05,9.647629315465989e-05,2.4044705210770973e-05,0.005124917086421422,0.0045408524181349864,0.0015846748833794565,5.876338723285826e-06,0.00010001960292312814,0.00016048929974993715
San Marino,0.010897606554536308,0.236886952658711,0.08278502074609151,0.008968772548981822,0.0005820422214158006,0.25213220036542283,0.00105827787519444,0.005014004939535624,0.007214911175959946,0.022066110803413377,0.012889886451684937,0.013908410908391624,0.15620196025417266,0.00026938080807028554,0.0868783906231421,0.06949289249638455,0.011117762056718727,0.008442211659974807,0.0017335428098739798,0.00061024773075006,0.0025179583995307573,0.007652411639551504,0.0006790442724913209
Somalia,0.4167963495343264,0.009376697983425757,0.03748638712126045,0.20992660663693405,0.0022821496877893283,0.005911602094977368,0.006934744984728879,0.03758163279557092,0.0034628616968803063,0.03469774664909435,0.07140355780577642,0.06707349898822909,0.0428853062405957,0.04760376689109921,0.0018852473788526511,8.970653649559656e-05,0.002397084988582832,0.00011605505228046667,0.00015348759185433518,2.040346809869736e-05,0.0013915858163736404,0.0004131641623901052,0.00011035589438332625
Serbia,0.31429036010300576,0.17180390218513106,0.2233127457761941,0.11911027630494617,0.03191464264460506,0.0002787141607132774,0.0003992550409361127,0.018159633605570633,0.012450130071004477,0.01900034002921828,0.0010751018540840806,0.01766050062408371,0.004313400952392995,0.0005665323829033588,0.03195843098893554,0.004010112211955273,0.000984087682148928,0.0025459042575157113,0.00036745609952834894,0.0011362412963762548,0.009821018806584864,0.014418618218508369,0.0004225947036575586
Sao Tome and Principe,0.27709819165732325,0.00408844859351598,0.09639239301934913,0.21354410889477046,0.18209438557863744,0.009780487511043318,0.0013883219015096598,0.09161855788151757,0.040600740159308396,0.03572348163386169,0.012911726433804806,0.0011402366966289364,0.019794167677868926,0.00662532510698095,0.002022838350345413,0.0015507930154444374,0.00278989982202053,4.439907987817715e-06,0.00030419989147977255,0.00021975700244045827,0.00018992326057183583,6.69939912950156e-05,5.058201229414504e-05
Suriname,0.30196237485549715,0.00026621903793153746,0.09216151899907647,0.020342830650248923,0.0050711678179210596,0.009833084384431335,0.010851919506879863,0.011967547948574095,0.196498672843669,0.0859091801084398,0.002361117204146731,0.0065171174952716295,0.000441219646320178,0.03698473890453121,0.013098197319963666,0.009088474400945646,0.014615135503583596,0.01062279471597888,0.16517997441943835,0.004691272324722555,0.0012180313550927198,0.0003027874197258919,1.4623137609651056e-05
Slovak Republic,0.22436441364324924,0.19186496819812027,0.0092420468638742,0.0021762937417210844,0.25418377325875013,0.0037424244519131972,0.0803311687543661,0.08484300902052111,0.017917276712589962,0.03631749444081377,0.0159185790508821,0.0043979336223132675,0.052436334452631676,0.00684250170369645,0.002400437676562902,0.0062528360016036715,0.001327354361802006,1.8202786657299887e-09,0.004966544680120567,2.5828787251310966e-05,0.00011977846350613932,0.0003215915346363727,7.408758795642362e-06
Slovenia,0.6167503755499179,0.02631941877218622,0.03600110176346442,0.006292617251091677,0.21988989217238838,0.006358776859182061,0.010389675486137282,9.849178819535297e-05,0.02393443231144204,0.000630167451239978,0.008450326746220808,0.0020982242493550757,0.007848544511172027,0.004235056748414668,0.022904852765254224,0.003452936008008256,0.0005181742434330734,0.0012040558427415938,0.00032649075983628815,0.0015527079438186733,0.0005393895019822093,2.712767830994877e-05,0.000177163596207609
Sweden,0.6100363776607086,0.19377614838978466,0.0015807000278329718,7.408297919547411e-05,0.005184753941421354,0.08787049637021846,0.007266768778635453,0.006758571937612031,0.034085941267289456,0.0019054333690380744,0.022786731859947097,0.015278567007111525,0.0021636796116565027,0.0007765038283454761,0.0014156142342597242,0.0012936640601367017,0.0008946819439430341,0.005131046744499406,2.27044780860775e-05,0.0008362676434133488,0.0008468940112175606,2.91431399738432e-06,1.1455541649789163e-05
Swaziland,0.3364772332763723,0.06656945893951022,0.03183405369820918,0.27293519426030594,0.011186511844497852,0.10585649881134676,0.01583359133516897,0.0005427427202919037,0.03259593250595421,0.04462958322382116,0.04501547748334205,0.00022009539566420551,0.001909259965070603,0.022264822310672013,0.010720017847526379,2.3123966141038458e-05,0.0005766315709698337,0.0004247958175356349,0.00011658489130179789,0.00013231364134907203,8.247567187539995e-06,1.7357071525484164e-05,0.00011047185623597056
Seychelles,0.26363882403256345,0.0025838189340333857,0.11755322555815323,0.00020852591728315215,0.0865153065152619,0.11394949394689881,5.0245490701086377e-05,0.05650122732322185,0.000775474085224411,0.0005906876136888834,0.0917498696059836,0.012730847678811852,0.14598268904393644,0.043569920874365856,0.0011769012672842093,0.005322447424701182,2.933701929066922e-06,0.026872109412165845,0.011927558609928035,0.0017724134295451896,0.001439219748261678,0.005871688631668422,0.009214571154388725
Togo,0.7360000311212573,0.1583426972738992,0.0019931816991713256,0.0053615532776483425,0.017912619939342306,0.0011587761217986357,0.00480903382097388,0.0010007867767936702,0.00753446226555915,0.008224682551577602,0.004396966411239738,0.010387900449063495,0.011403118486022478,0.007756299213440021,0.012245934125595657,0.007694758835676792,0.0006734224759223135,0.0009719406950417348,0.0012552771766175682,0.0005282877845890757,0.0002313349025361829,0.00010807202614075019,8.862570092538204e-06
Thailand,0.09265630335683792,0.0676837625708943,0.034280520105461065,0.388917235969901,0.01572462630119979,0.0002732014953565629,0.00014660917260707449,0.3084727289554622,0.0030623267885469822,0.010819320356051787,0.0332759887473035,0.002116482842070352,0.010094020963285636,0.0054170688668118755,0.00030218164033562475,0.0010372437706101035,0.01901446273656131,0.00020512704794101432,0.00427659781323247,5.821493782348815e-05,0.0013063743011611324,0.0007749596904108098,8.464157013390132e-05
Tajikistan,0.07221084962689742,0.01852289651767645,0.04972958594187271,0.15789768269281376,0.035654137362011236,0.24514206621617088,0.012177236360963522,0.00010553262408424708,0.3241712151673784,0.041525212112291814,0.001292363577760189,0.01012599840780554,0.0007044944120954762,0.0033614920503047775,0.0002878936489103958,0.02499545181899742,0.0009465923676240484,0.0003366997465734753,0.00017003558209278353,5.506975439652107e-05,0.00034272681343086657,0.0002312834653989697,1.3483732449060972e-05
Turkmenistan,0.6152663544725135,0.031043052056037378,0.011017939336239957,0.08731521842062989,0.004260636837052773,0.0018213195104173788,0.02773001093152779,0.1052871232312491,0.0010891002517399594,0.053978525036485724,0.008441442985419254,0.04571722188664904,1.8849584650983802e-07,7.01152272648341e-06,0.001955493033785338,0.0003071682770361299,0.004070598749630376,1.0479924349302815e-06,0.0003453179935176955,0.0002975288508059417,2.184792321587184e-05,7.289334341819974e-08,2.5779311695829264e-05
Tonga,0.30473917065823086,0.003200772318638718,0.01804215611476386,0.007900785688222663,0.07686933240311598,0.02548297837186928,0.07704535099159197,0.2529961736137778,0.010803312155362902,0.026579248041431563,0.06681124048837109,0.005822472881602583,0.006014268120600133,0.02430005171469518,0.0017022593004549836,0.0641624567692969,0.0067049028489235725,0.011753815482880103,0.003305040485526008,0.0005870826542250578,0.003959634171716879,0.0009169309432918137,0.00030056378141006567
Trinidad and Tobago,0.053828195435919074,0.037590875123631746,0.17194708779201195,0.008658937141777377,0.032043731587975216,0.22384151949739498,0.055379000653597334,0.09998461122981481,0.014765174765179068,0.19672331552536884,0.02215832809561447,0.010549023738675788,0.029551825743927847,0.005736456513670318,0.015036451639995231,0.0014744763798490827,0.0012078564974903874,0.0010352813462139213,0.017087738438784757,0.0008487760509420716,1.5265874323097446e-05,3.6972232818512647e-06,0.0005323737045609222
Tunisia,0.08026516794676626,0.27805288561908464,0.07705952534776794,0.06687628305556648,0.02505149643081801,0.01114755388271504,0.06288359109385219,0.05355078838562699,0.0657103705941768,0.034109603113943135,0.03133482575522252,0.0014038031861756193,0.0004296405727483444,0.03285569345799342,0.10522635675332151,0.0019499320708292586,0.00608512323132841,0.047840035621517764,0.0037134025053225366,0.012597928200362719,0.0009653428957035694,1.720219089762765e-05,0.0008734480882593514
Turkey,0.0996469130667959,0.02150987356115145,0.0031080040227934726,0.01781212459224616,0.0025148102415139574,0.2170417481135997,0.033474894184121154,0.004617833207675413,0.03411009466977518,0.0405768009050883,0.443449023643449,0.006411819485131087,0.050443867296273905,0.015291470340661683,7.963834633088335e-07,0.004795443009755127,0.004143545993351386,0.0004049148366075714,1.8174994629253195e-05,0.0002425574081124599,2.4039392018321367e-05,0.00021577592380252525,0.00014547472798374158
Tanzania,0.5316954493533671,0.08143883601473298,0.02892076127641506,0.1323483008750621,0.041635529369475344,0.00023232242404388201,0.008648164878898903,0.05432745372734985,0.0245665739636249,0.06643458524648174,0.0028912937048204425,0.013143319488393682,0.003061422114223097,0.0005702343887346151,0.00633806576165255,0.0004955866584442678,0.00033748166433252334,0.0014153893176821932,3.918419095634985e-05,0.0007265613152447492,0.0005530611270172563,0.00016858332325698296,1.1839815789106596e-05
Uganda,0.544612730543908,0.06992564217324025,0.035675082356306814,0.12557662797589111,2.252675335941383e-05,0.10161451797558163,0.0017611451182957178,3.749172178555009e-05,5.148624350046995e-06,0.003198318732972526,0.06670203672924335,0.016093418749001734,0.028842962735078186,0.00041624163017453823,0.0005623323202828741,0.000743384411529775,2.7075886142568175e-05,0.001645567876571374,0.0002945094498480613,0.0012369821439924685,0.0008166944446687561,0.00015032231270663428,3.9239335068552726e-05
Ukraine,0.46919859800786645,0.11019732952230743,0.3359670737681668,0.0001146600790460792,0.001542004070338118,0.006568132933068707,0.002666819921884635,0.02491705629564972,0.034409662326480815,0.003966019339148913,2.636082435148904e-05,1.2154526306227442e-05,0.0037328526719814037,0.00010979334442760682,0.000101614353490836,0.004288119888538832,0.00013642221659730956,5.3287170425309776e-05,0.0009473555565505619,0.0006154946571609182,5.1268085550339624e-05,0.000254460859353207,0.00012345958130832073
Uruguay,0.22351902502130575,0.0023069956493549466,0.026736105381932787,0.10013575001896859,0.0937267298551305,0.02723540409219865,0.02744375045795651,0.001917608527618019,0.00038729282472735,0.1366475623157416,0.0002685471360499846,0.10423207957769402,0.04744544426099494,0.0003373626731922093,0.0017795045017562593,0.0901202537425004,0.04481218701899714,0.060817682820449234,0.0028372255824848894,0.00013646123957695134,0.004903149915340295,4.0246252292598495e-05,0.0022136311337361838
United States,0.31397362327036954,0.21277571627858866,0.07674140797066767,0.0454933099896013,0.06093310799553767,0.01868318918719072,0.04119317538933029,0.04561949923567591,0.01251888158675171,0.011310147076637885,0.00035505139623533534,0.01630702746620208,0.0661741884581191,0.0173657900082049,0.000115937474674371,0.0004103406628275461,0.04537648557565825,0.004694823106064971,9.637056401084282e-05,0.0020148585330142265,0.0038805981736099557,0.003965779865031047,6.907359960607069e-07
Uzbekistan,0.42559192543294266,0.01009417522241728,0.021379469182368403,0.020410234896143378,0.2284934417307741,0.00889836867763238,0.045661973280400656,0.00047632574057266715,0.004645428695330987,0.04974702400033131,0.022013294164973815,0.00016724772280392325,0.09838955729132923,0.037515236582275374,0.006232965519368718,0.011177864699983478,0.005852661702285483,0.00046523935838295726,0.0023782345826090737,3.207462628979997e-05,0.00022604498742655315,3.161137096634387e-06,0.00014805076626109342
St. Vincent and the Grenadines,0.15147135541398704,0.009792962758462994,0.042083584033844046,0.0474545537782307,0.09254775063279347,0.023742981768517028,0.18718144041977813,0.23888330755996437,0.0017974746004911226,0.10806167013561639,0.008784206451244392,0.03841018597887199,0.016084086768549836,0.009554547843525184,0.00818006132434472,0.00047182529255795436,0.0003629650915821293,0.006522862487541516,0.0006474600361126737,0.00046046692763922886,0.006049595215266223,0.0014322702355886205,2.2385245490323897e-05
"Venezuela, RB",0.04220864713259082,0.00014824678867284688,0.059890575206894225,0.20962107554372164,0.0558272799221088,0.020554160528961776,0.01304399782259612,0.2750713357852391,0.23002100587751972,0.006185029028502074,0.035320890077089134,0.013905901199669172,0.011173946703653837,0.0005202272027254988,0.005598411673258944,0.0011447614187012527,0.0003157303318734959,8.357464096929278e-08,0.018978981466651015,2.9191296986571053e-09,7.114077906405569e-05,9.693246232345772e-06,0.0003888757705034819
British Virgin Islands,0.01673326998574644,0.13311150271221234,0.14037166954565236,0.007771590673770055,0.05058784630999585,0.0029493693997976246,0.14124789714038474,0.03493265273863761,0.03965262753852546,0.011788778694829973,0.19037383966134105,0.011144302273424734,0.07262719299916937,0.028210628556560955,0.004695327170984629,0.04524360944540888,0.00988023916015658,0.016630111372418717,0.0034906090996159062,0.02061801283852356,0.01004550952799581,0.0011340812413460674,0.006759331913501225
Virgin Islands (U.S.),0.0061619545950085414,0.002276353529327079,0.059342274113921914,0.018237743809839255,0.003264560065299671,0.00044164407327837674,0.0004887819643485542,0.0008204716144965467,0.0022402168248281612,0.06688641522891135,0.022811640395927386,0.10882030231659737,7.362818466885004e-05,0.013821137582102563,0.33884618201831795,0.00039861717978688805,0.005229474455586706,0.1355932354372524,0.000602431814790761,0.1449262116361466,0.023826009463851515,0.014981718797317255,0.02990899489839425
Vietnam,0.06273389340200404,0.03399990409428579,0.012469690377927889,0.18557619793527555,0.0325380300548001,0.1630263400921421,0.023125209450247385,0.22326513255351324,0.07134058941090982,0.022060430752000506,0.007194600753958,0.10907187739732771,0.021782021344560303,0.020587609784578006,0.0009834792025231586,0.005004716093372925,3.723204144226351e-05,0.00015204287000711517,0.0049781317600347715,1.1107205871245499e-06,2.4173861468466875e-05,4.164489600239189e-05,5.941151031660772e-06
Vanuatu,0.07195538881031571,0.02602094092161457,0.010166179833729715,0.09700134274236943,0.00562070328994874,0.20523901316195348,0.00044092302130034747,0.17049150742130184,0.2941256299338489,0.06315097058130235,7.912629388311584e-05,0.01890162687792509,0.013794845396461912,0.010856945552565155,0.00023272473304042867,0.008532172636407178,0.00016089325542573363,0.0002998834342516596,0.0015698598315428346,0.0004010733051815374,0.0007208875486964053,0.00013256879031363694,0.00010479262662048647
Samoa,0.41156062233676705,0.14011271984271692,8.410571561915783e-05,0.025002350575129978,0.0022290788047835404,0.08617663525023088,2.4105719872790166e-05,0.01468843792457954,0.17627544777338733,0.010049998657188515,0.002647690457820857,1.8145405448097532e-06,0.038092895480778634,0.04225969160584097,0.021832200011550486,0.00023908384632085502,3.860494483347177e-05,0.0068282590369123835,0.015926918302193768,0.0013977214243024493,0.004242969211406644,0.00021276953539759778,7.587900182094123e-05
"Yemen, Rep.",0.46157759483185945,0.03520202940188285,0.011582489192237798,0.002462022709816166,0.004450968439364909,0.050108319441001414,0.003113714206312391,0.13630800239072588,0.023134147711650323,0.20151428621486636,0.01303358139739412,0.010357309888409452,0.0060590894755528256,0.023742050805380253,0.013910408250013984,0.0004762246562800033,0.0027341415528999826,7.914748292779517e-05,3.302655867104127e-06,1.7243400037364324e-06,1.2232959553467836e-05,4.4813937469566215e-05,9.239805852996598e-05
South Africa,0.21763674459689245,0.038038166847679133,0.11455199842441076,0.41309659034159196,0.10343193686223379,0.016465939717794364,0.00021786924093380436,0.019168834806173516,0.013226152364016811,0.02577144291547629,0.0020985562028341567,0.002655006322824738,0.007406309672951068,0.006912824221432835,4.711260266692444e-06,0.006628746469978783,0.00019861976852845878,0.00031257028489666775,0.010206891402796075,0.0015494738559658871,0.0002625487513618958,1.310638276226956e-06,0.00015675503068335003
Zambia,0.45584840440650476,0.05325748451638926,0.018033239408723145,0.016467049942775293,0.13936477418185875,0.06729863452353894,0.003261859477033644,0.03319603138236891,0.0002502395379274046,0.04321987222098897,0.05857015873932551,0.06706240513974143,0.00942420070476842,0.01388867050774238,0.006245742365057855,0.0035155189073928683,0.002277596397589995,0.00028818252611503224,0.00751587789280988,0.000571222242342489,0.00038579625842566996,5.324044773846487e-05,3.7982728406701562e-06
